6480.8,1108.2,-2145.5
6449.36268807055,1529.69092743896,-1975.96796623384
6389.96577472319,1944.55032619402,-1797.86959279809
6302.87247604841,2350.98141625936,-1611.97858885427
6188.46585752327,2747.2246590741,-1419.10209725169
6047.24707997003,3131.5653353687,-1220.07717721498
5879.8331395657,3502.34091764747,-1015.76716383818
5686.95411319216,3857.94820645366,-807.057920343725
5469.44992242815,4196.85020074942,-594.853999417124
5228.26663141038,4517.58267404785,-380.074730201875
4964.45229564313,4818.76042931826,-163.650247754474
4679.15238057556,5099.0832071931,53.4825181154553
4373.60477043388,5357.34122355642,270.383877614944
4049.13438934783,5592.42031424771,486.115422345965
3707.14745826743,5803.3066663228,699.744056352437
3349.12541252079,5989.09111708152,910.346000020438
2976.61850610411,6148.97300389675,1117.01075020659
2591.23912993985,6282.26354974215,1318.84498021208
2194.6548723582,6388.3887712257,1514.97636352924
1788.58135098275,6466.89189786937,1704.55730564286
1374.77484600772,6517.43529334037,1886.76856858242
955.024765543555,6539.80187132333,2060.82277338905
531.145974305354,6533.89600071866,2225.96776616877
104.971017378735,6499.74389686131,2381.48983397094
-321.65772882904,6437.49349746401,2526.71675733291
-746.895946103355,6347.41382399938,2661.02068698545
-1168.90527190788,6229.89383123915,2783.82083290393
-1585.86117232524,6085.4407496612,2894.58595462361
-1995.96075801424,5914.67792741407,2992.83664250641
-2397.4305109538,5718.34218048176,3078.14738045649
-2788.53389003353,5497.28066162887,3150.14838141875
-3167.57878399254,5252.44726059839,3208.52718787416
-3532.92478071541,4984.89854991047,3253.03003044536
-3882.99022255816,4695.78929242443,3283.46293866418
-4216.25901811742,4386.36752861091,3299.69259891057
-4531.28718172267,4057.96926320761,3301.64695551788
-4826.70907290733,3712.01277260142,3289.31555204725
-5101.24330920881,3349.99255587136,3262.74961075904
-5353.69832680949,2973.47295399896,3222.0618493542
-5582.97756487966,2584.08146315184,3167.42603511245
-5788.08425083094,2183.50176939684,3099.076277627
-5968.12576524892,1773.46653341431,3017.30606240452
-6122.31756684655,1355.74995502609,2922.46702868243
-6249.98665950047,932.160148416512,2814.96749589289
-6350.57458523109,504.531359896956,2695.27074427459
-6423.63992886735,74.7160609419856,2563.8930562032
-6468.86032211424,-355.423050053476,2421.40152586056
-6486.03393678585,-784.021103235748,2268.41164589775
-6475.0804590859,-1209.21913544029,2105.58468075987
-6436.04153899992,-1629.17215617114,1933.62483732191
-6369.08071110065,-2042.05716637051,1753.27624443821
-6274.48278535101,-2446.08109491992,1565.3197539154
-6152.65270881045,-2839.48861792899,1370.56957629269
-6004.11390149561,-3220.56982617091,1169.86976562616
-5829.50607200868,-3587.66770646668,964.090568241252
-5629.58252091184,-3939.1854034387,754.124651120959
-5405.20694218637,-4273.59322883063,540.883226239273
-5157.34973544557,-4589.43538654608,325.292087713728
-4887.08384388218,-4885.33638265204,108.287579155591
-4595.58013517751,-5160.00709087842,-109.187490995873
-4284.10234480546,-5412.25044555688,-326.187968024089
-3954.00160327987,-5640.9667355313,-541.770484996999
-3606.71057093576,-5845.15847429018,-754.997593800586
-3243.73720576816,-6023.9348234385,-964.941874537313
-2866.6581916817,-6176.51554861705,-1170.69000470262
-2477.11205620397,-6302.23448909332,-1371.34676967015
-2076.79200828092,-6400.54252447271,-1566.03899622784
-1667.4385281936,-6471.01002430068,-1753.91939121151
-1250.83174290244,-6513.32876873557,-1934.17026768044
-828.783621215767,-6527.31333095437,-2106.00714157427
-403.13002412112,-6512.90191449141,-2268.68218236481
24.2773536519235,-6470.15664129622,-2421.48750189215
451.579114194082,-6399.26328890742,-2563.75826632064
876.916322090091,-6300.53047776613,-2694.87561698347
1298.43866800977,-6174.38831231557,-2814.26938679088
1714.31259302846,-6021.38648213941,-2921.42059985123
2122.72933669885,-5842.19183196179,-3015.863742995
2521.91287227884,-5637.58541185925,-3097.18879898491
2910.12769311942,-5408.45902148838,-3165.04303234686
3285.68641496927,-5155.81126451964,-3219.13251994288
3646.95715990282,-4880.74313175788,-3259.22341963645
3992.37068870081,-4584.45313361262,-3285.1429716568
4320.42724979191,-4268.23200465006,-3296.7802285455
4629.70311429333,-3933.45700490798,-3294.08651085942
4918.85676827907,-3581.58584445353,-3277.07558710273
5186.63473512536,-3214.15025931279,-3245.82357765474
5431.87700259488,-2832.74926844061,-3200.46858374961
5653.5220313154,-2439.04214268733,-3141.21004383147
5850.61132330581,-2034.74111796551,-3068.30782086159
6022.29353137609,-1621.6038857748,-2982.08102536851
6167.82809240758,-1201.42589511834,-2882.90658021871
6286.58836979429,-776.032500491169,-2771.21753422483
6378.06429262646,-347.270991134958,-2647.50113280777
6441.86448154617,82.9974629466434,-2512.29665496856
6477.7178535579,512.905912545997,-2366.19302681853
6485.47470044717,940.589742741012,-2209.82622284311
6465.10723782119,1364.19476284953,-2043.87646694162
6416.70962413039,1781.88523771379,-1869.06524608695
6340.49745134733,2191.85182567485,-1686.1521501802
6236.80671125987,2592.31938922028,-1495.93155234281
6106.0922435668,2981.55464507583,-1299.22914447627
5948.9256741408,3357.87362140726,-1096.89834344516
5765.99285393702,3719.64889083245,-889.816583687932
5558.09081106316,4065.31654909848,-678.881512434155
5326.12423049061,4393.38291053035,-465.007104015407
5071.101477765,4702.43089271865,-249.119709991405
4794.130184861,4991.12606436876,-32.1540619760172
4496.41241802332,5258.22233176984,184.95075585484
4179.23944903192,5502.56724095841,401.255347563811
3843.98615282656,5723.1068743364,615.8240425887
3492.10505581848,5918.89032225015,827.728912343863
3125.120060508,6089.07371183815,1036.05374957692
2744.61987319763,6232.92377730914,1239.8979940002
2352.25116267778,6349.82095769541,1438.38058798897
1949.71147870426,6439.26201006051,1630.64374648767
1538.74195995641,6500.86212808645,1815.85662564738
1121.119861893,6534.3565579467,1993.2188751688
698.650935553144,6539.6017053618,2161.96405981819
273.161688878978,6516.57572973835,2321.36293612181
-153.508437477808,6465.3786233036,2470.72657084195
-579.514947589266,6386.23177515732,2609.40928846282
-1003.01618847813,6279.47702217039,2736.81143559574
-1422.18123661562,6145.57519065696,2852.3819509276
-1835.19774021033,5985.10413473108,2955.62073009303
-2240.27968495995,5798.75627922401,3046.08077564324
-2635.67505119813,5587.33567698182,3123.37012311162
-3019.67333075358,5351.75459227279,3187.15353504039
-3390.61287231433,5093.02962391795,3237.15395572241
-3746.88802469363,4812.27738359936,3273.15372033685
-4086.95604811472,4510.70974658732,3294.99551310846
-4409.34376441906,4189.62869390246,3302.58307009193
-4712.65391808547,3850.42076657962,3295.88162318682
-4995.57122093512,3494.55115437575,3274.91808300271
-5256.86805458627,3123.55744279546,3239.78095923445
-5495.4098059645,2739.04304380858,3190.62001825715
-5710.15981253276,2342.67033705546,3127.64567871691
-5900.18389538911,1936.15354963578,3051.12814696319
-6064.6544599355,1521.2514038235,2961.39629524823
-6202.85414549309,1099.7595631758,2858.83628669793
-6314.17900700409,673.502908518579,2743.88995213389
-6398.1412138095,244.327676204717,2617.05292489693
-6454.37125243229,-185.906508176309,2478.87254087983
-6482.61962231279,-615.334666799888,2329.9455120194
-6482.75801553527,-1042.09454295627,2170.91538251954
-6454.77997374234,-1464.33467600527,2002.46977807068
-6398.8010176504,-1880.22244294972,1825.33745929698
-6315.05824684592,-2287.95203155453,1640.28519158916
-6203.90940984835,-2685.75231000948,1448.11444436556
-6065.8314467647,-3071.89455834886,1249.65793364657
-5901.41850921589,-3444.70002724059,1045.77602260923
-5711.37946458095,-3802.54729030078,837.352995519549
-5496.53489396881,-4143.8793568047,625.293221107422
-5257.81359567328,-4467.21051254753,410.517222045748
-4996.24860818049,-4771.13285765776,193.957667717812
-4712.97276908268,-5054.32251135959,-23.4446920860793
-4409.21382846502,-5315.54545505927,-240.745134541886
-4086.28913749211,-5553.66298663998,-456.999093944368
-3745.59993498917,-5767.63676052257,-671.266296155016
-3388.62525679295,-5956.5333898567,-882.614878753645
-3016.91549451984,-6119.52858915013,-1090.12547828689
-2632.08563214375,-6255.91083771475,-1292.89526609005
-2235.80819041032,-6365.0845464845,-1490.04191432473
-1829.80591057728,-6446.57271305281,-1680.7074741519
-1415.84421031005,-6500.01905214827,-1864.06214831483
-995.723445720791,-6525.18959122446,-2039.30794086507
-571.271014534958,-6521.9737233577,-2205.6821673097
-144.333336191302,-6490.38471221451,-2362.46080909114
283.232254684344,-6430.55964645403,-2508.96169703081
709.565664546262,-6342.75884355267,-2644.5475091696
1132.81220978495,-6227.36470566492,-2768.62856931208
1551.13076096514,-6084.8800327475,-2880.66543353364
1962.70182535371,-5915.92580076348,-2980.17125292065
2365.73553097854,-5721.23841532383,-3066.71390189213
2758.47947595451,-5501.6664536145,-3139.91786257567
3139.22640752093,-5258.16690986655,-3199.46585688758
3506.32169610091,-4991.800961958,-3245.10021917894
3858.17057074152,-4703.72927896934,-3276.62400355467
4193.2450835389,-4395.20689160885,-3293.90182124602
4510.09077197327,-4067.57764946163,-3296.86040469719
4807.33298967947,-3722.26829081449,-3285.48889632953
5083.68287776528,-3360.78215259476,-3259.83886123865
5337.94295064931,-2984.69254946301,-3220.024024374
5569.01227224679,-2595.63585256082,-3166.21973402787
5775.89120037593,-2195.30429962202,-3098.66215471813
5957.68567933485,-1785.43856926426,-3017.64719378231
6113.61106279406,-1367.82015316018,-2923.52916719594
6242.99545137891,-944.26356054042,-2816.71921128918
6345.28253161329,-516.608390037197,-2697.68344814995
6420.03390522515,-86.7113042656522,-2566.94091356601
6466.93090016653,343.562057236618,-2425.06125737057
6485.77585706788,772.345191043707,-2272.66222700793
6476.49288721033,1197.77883329252,-2110.4069460278
6439.12810045302,1618.01901826791,-1939.00100004376
6373.84930388256,2031.24505726582,-1759.18934345189
6280.94517424678,2435.6674034604,-1571.75304089536
6160.8239094883,2829.53536921299,-1377.50585808417
6014.01136689094,3211.14466312553,-1177.29071712527
5841.14869749271,3578.84471511346,-971.976032000262
5642.98948848692,3931.04575888483,-762.45194023038
5420.39642732622,4266.22564242687,-549.626447102239
5174.33750315679,4582.93633841937,-334.421499091725
4905.88176303618,4879.81012791065,-117.769003316422
4616.19464211653,5155.56543210268,99.3931900341309
4306.53288861576,5409.01226867117,316.125325281655
3978.23910593256,5639.05731071008,531.489781862168
3632.73593569681,5844.70852811054,744.55510102973
3271.51990687778,6025.07939296598,954.399981880345
2896.15497729236,6179.39263242821,1160.11723011762
2508.26579497121,6306.98351431395,1360.81764323957
2109.53070784783,6407.30265267268,1555.63381614156
1701.67455112685,6479.91832247184,1743.72385150279
1286.46124247541,6524.5182745218,1924.27495974681
865.686215852524,6540.91104375085,2096.50693384142
441.168725352537,6529.02674594036,2259.67548472861
14.7440508897588,6488.9173600384,2413.07542374444
-411.744362109723,6420.7564951815,2556.0436790058
-836.452796618927,6324.83864356322,2687.96213340064
-1257.54515901576,6201.57792229017,2808.26027251866
-1673.20084267359,6051.50630935629,2916.41763159994
-2081.62252773752,5875.27138083844,3011.96603135836
-2481.04388489761,5673.63355837177,3094.4915933485
-2869.73715131925,5447.46287788165,3163.63652639755
-3246.02054731268,5197.7352924515,3219.10067649956
-3608.26550289988,4925.52852405266,3260.64283348525
-3954.90366407534,4632.01748069496,3288.08178871574
-4284.43364937986,4318.46925729157,3301.29713902007
-4595.42752822728,3986.23774029862,3300.22983307907
-4886.53699350091,3636.75783778097,3284.88245747616
-5156.49920196736,3271.53935821405,3255.3192606614
-5404.14225733377,2892.16056279189,3211.66591412346
-5628.39031205178,2500.26141749968,3154.10901112369
-5828.26826542728,2097.53657253399,3082.89530441505
-6002.90603710535,1685.72809794734,2998.33068544669
-6151.54239664308,1266.61800554074,2900.77890863191
-6273.52833160049,842.020588102705,2790.66006533551
-6368.32993839661,413.774608053327,2668.4488133119
-6435.5308220897,-16.2646316325973,2534.67236838414
-6474.8339932213,-446.233300623887,2389.90826620654
-6486.06325193045,-874.267104382044,2234.78190298215
-6469.16405167676,-1298.50936265119,2069.96386501211
-6424.20383710491,-1717.1190683788,1896.16705793194
-6351.37185283106,-2128.27889201474,1714.14364743034
-6250.97842222453,-2530.20309613168,1524.6818241529
-6123.45369758331,-2921.14532548544,1328.6024063458
-5969.34588545321,-3299.40623794643,1126.75529460626
-5789.31895320544,-3663.34094222088,920.015793858419
-5584.14982535022,-4011.36620893651,709.280818361749
-5354.72508041801,-4341.9674224797,495.464996185374
-5102.037161574,-4653.70524194591,279.496690140179
-4827.18011642042,-4945.22194071814,62.3139526340357
-4531.34488369137,-5215.2473954809,-155.139567677775
-4215.81414672191,-5462.60469694412,-371.918749262338
-3881.95677568309,-5686.21535615545,-587.081132679381
-3531.22188258778,-5885.10408203786,-799.691048593086
-3165.1325149919,-6058.40310767732,-1008.82372021225
-2785.2790161094,-6205.35604490956,-1213.56932159204
-2393.31208073979,-6325.32124888943,-1413.03697336298
-1990.93553793741,-6417.77467657556,-1606.35865768671
-1579.89889274623,-6482.31222540274,-1792.69303456001
-1161.98966054565,-6518.65154084232,-1971.22914201126
-739.025528626123,-6526.63328404366,-2141.18996323857
-312.846380490673,-6506.22185330179,-2301.83584434454
114.6937809,-6457.50555568625,-2452.46774700244
541.734974208178,-6380.69622778353,-2592.43032116232
966.419408056311,-6276.12830713164,-2721.11478375049
1386.89963941046,-6144.25735854666,-2837.96159023748
1801.34668485308,-5985.65806214013,-2942.46288693942
2207.95804782709,-5801.02167239053,-3034.16473296802
2604.96562537614,-5591.15296014051,-3112.6690818543
2990.6434585174,-5356.96665183955,-3177.63551402521
3363.31529119697,-5099.48338271274,-3228.78271251352
3721.36190376351,-4819.82518280156,-3265.889675515
4063.22818802507,-4519.21051700233,-3288.79666066534
4387.42993231895,-4198.94890223419,-3297.40585719583
4692.56028642158,-3860.43512683835,-3291.68178341283
4977.29587781705,-3505.14309901641,-3271.65140824993
5240.40255250909,-3134.6193528133,-3237.40399693232
5480.74071548836,-2750.47624155786,-3189.09068207821
5697.27024789068,-2354.3848500374,-3126.92376283024
5889.05497998145,-1948.06765778584,-3051.17573584961
6055.2667012269,-1533.29098687399,-2962.17806322106
6195.18869094723,-1111.85726836667,-2860.31968348832
6308.21875530838,-685.597162265088,-2746.04527317615
6393.87175873433,-256.361566189717,-2619.85326723597
6451.78164015988,173.9864516345,-2482.29364788947
6481.70290691192,603.579759427694,-2333.96551231689
6483.51160137066,1030.55527331628,-2175.51443055547
6457.20573792245,1453.06203779736,-2007.62960582465
6402.90521005605,1869.2692401635,-1831.0408502828
6320.85116976431,2277.3741243663,-1646.51538993767
6211.40488368382,2675.60977046198,-1454.85451308141
6075.04607262667,3062.25270658043,-1256.89007720067
5912.3707433211,3435.63032129904,-1053.48088981541
5724.08852327614,3794.1280453535,-845.508979137156
5511.01951170867,4136.19627279542,-633.875770796913
5274.09066141665,4460.35699298391,-419.49818718493
5014.33170834223,4765.21010617829,-203.304686164409
4732.87066733557,5049.43939697338,13.7687439307194
4430.92891430855,5311.81814136929,230.78261601916
4109.81587654001,5551.21432490286,446.797985710745
3770.92335437151,5766.59545096431,660.880485503153
3415.71949890386,5957.03292018185,872.104334894427
3045.74247156586,6121.70596357211,1079.5563097474
2662.59381259368,6259.90511400828,1282.33965447279
2267.93154649118,6371.0352024644,1479.57792090084
1863.46305349835,6454.61786741712,1670.41871805056
1450.93773691087,6510.29356775168,1854.03735741602
1032.13951681193,6537.82309149637,2029.64037884309
608.879181391801,6537.08855470531,2196.46894257095
182.986627507929,6508.09388681609,2353.80207357281
-243.696977459618,6450.96480081848,2500.95974492019
-669.32708014893,6365.94824858126,2637.305787545
-1092.06363967345,6253.41136369024,2762.25061445354
-1510.07900747861,6113.83989614403,2875.25374817507
-1921.56575613456,5947.83614523728,2975.82614098805
-2324.74442478715,5756.11639891972,3063.53227827047
-2717.87114927255,5539.50788985589,3137.99205615445
-3099.24514529751,5298.94528031924,3198.88242553334
-3467.21601360557,5035.46668992204,3245.93879537058
-3820.19083665728,4750.20928202443,3278.95618918593
-4156.64103711165,4444.40442643474,3297.79014955385
-4475.10896920149,4119.37245777892,3302.35738642521
-4774.2142150996,3776.51705055589,3292.63616609043
-5052.65955937745,3417.31923356787,3268.66643862284
-5309.23661589892,3043.3310678943,3230.54970268196
-5542.8310827009,2656.16901413052,3178.44860761286
-5752.42760186479,2257.5070159241,3112.58629383995
-5937.11420281728,1849.06932821769,3033.24547363282
-6096.08630912807,1432.62311976122,2940.76725539507
-6228.65029053888,1009.97088059296,2835.5497157089
-6334.2265437469,582.942666176918,2718.04622444261
-6412.35208733672,153.388210765621,2588.7635292956
-6462.68265820947,-276.831056679963,2448.25960721126
-6484.99429889339,-705.850060057989,2297.14129112433
-6479.18442722483,-1131.80815272092,2136.06168152843
-6445.27238206073,-1552.85718829528,1965.71735333467
-6383.39944091126,-1967.16955070381,1786.84536945364
-6293.82830765638,-2372.94610832627,1600.22011344663
-6176.94207082596,-2768.42405731839,1406.64995447519
-6033.24263526264,-3151.88461938693,1206.97375859824
-5863.3486323497,-3521.66055972214,1002.05726124803
-5667.99281635061,-3876.14349138521,792.789316427946
-5448.01895676586,-4213.79093319813,580.078038826684
-5204.3782389542,-4533.1330890959,364.846855627548
-4938.1251875798,-4832.77931797591,148.030485304796
-4650.41312970429,-5111.4242643312,-69.4291388765634
-4342.48921655952,-5367.85362133918,-286.586982582148
-4015.68902516866,-5600.9494996372,-502.49904301518
-3671.43076303962,-5809.69537671041,-716.226481893083
-3311.20910110925,-5993.18060365788,-926.839740192413
-2936.5886619652,-6150.60444807209,-1133.42261606479
-2549.19719210012,-6281.2796538593,-1335.0762874247
-2150.71844853502,-6384.6355010373,-1530.92326090858
-1742.88483160941,-6460.22035084714,-1720.11122918554
-1327.46979701992,-6507.70366391404,-1901.81681898698
-906.28008132131,-6526.87748166007,-2075.24921269552
-481.147776065286,-6517.65736370167,-2239.65362689691
-53.9222865286313,-6480.08277654207,-2394.31463195314
373.537788417524,-6414.31693147689,-2538.55929739026
799.372818337248,-6320.64607225587,-2671.76014871133
1221.73030798232,-6199.47821566867,-2793.33792213866
1638.77303156572,-6051.34135083251,-2902.76410475178
2048.68709752204,-5876.88110553862,-2999.56324851538
2449.68990708033,-5676.85789054842,-3083.31504777819
2840.0379705251,-5452.14353520135,-3153.65617096179
3218.03454575112,-5203.71743009583,-3210.28183834137
3582.03706463762,-4932.66219490919,-3252.94713904231
3930.46431385044,-4640.15889162899,-3281.46808162685
4261.8033379243,-4327.48180556835,-3295.7223739188
4574.61603391205,-3995.99281848288,-3295.64992900574
4867.54540841111,-3647.13539996322,-3281.25309565171
5139.32146949203,-3282.42824494699,-3252.59661265257
5388.76672787155,-2903.45858672143,-3209.80728795342
5614.80128357944,-2511.87521619457,-3153.07340462439
5816.44747643463,-2109.38123937605,-3082.64385704074
5992.83408073092,-1697.72660609576,-2998.82702184119
6143.20002674482,-1278.70044383237,-2901.98936942673
6266.89763392302,-854.123231234957,-2792.55382291331
6363.39534291125,-425.838846440098,-2670.99787255505
6432.27993591914,4.29347435316561,-2537.85145471011
6473.2582372745,434.40723240737,-2393.6946054195
6486.15828838691,862.636780412157,-2239.15489960934
6470.9299937034,1287.12541937828,-2074.90468780548
6427.64523658805,1706.03344325558,-1901.65814306227
6356.49746638108,2117.54609652918,-1720.16813155343
6257.80076018003,2519.88141065886,-1531.22292094814
6131.98836512759,2911.29788597204,-1335.64274130308
5979.61072917831,3290.10198650449,-1134.27621373488
5801.33303043869,3654.65541629673,-927.99666259794
5597.93221723228,4003.38214677285,-717.698327287201
5370.29357301524,4334.77516607654,-504.292490099801
5119.40682216407,4647.40292257412,-288.703536840327
4846.36179445999,4939.91543617582,-71.8649670289344
4552.34366780832,5211.05005264627,145.284629318425
4238.62781034894,5459.63681767583,361.805611326365
3906.57424462338,5684.60344916317,576.761326331501
3557.62175788362,5884.9798878884,789.2221314917
3193.28168392672,6059.90240855576,998.269381193718
2815.13138305024,6208.61727501873,1202.99936372547
2424.80744779889,6330.48392539363,1402.5271709603
2023.99866317455,6424.97767467679,1595.99048511677
1614.43875083418,6491.69192443862,1782.55326705094
1197.89892757418,6530.33987113403,1961.40933096552
776.180309046398,6540.7557065618,2131.78579090785
351.106190178623,6522.89530600772,2292.94636496674
-75.4857657824595,6476.83640161403,2444.19452365114
-501.751397390982,6402.77824053065,2584.8764695663
-925.847941855446,6301.04072941071,2714.38393616726
-1345.94192611057,6172.0630688129,2832.15679408046
-1760.21701961173,6016.40188305978,2937.68545423291
-2166.88181648424,5834.72885307183,3030.51305781329
-2564.17751491225,5627.82786164033,3110.23744391355
-2950.38546199453,5396.59166252573,3176.51288655195
-3323.83453277159,5142.01808665139,3229.05159366855
-3682.9083127079,4865.20580050785,3267.6249616012
-4026.05205358058,4567.34963370519,3292.06457949265
-4351.7793735726,4249.73549433367,3302.2629790559
-4658.6786732135,3913.73489254809,3298.17412611295
-4945.41923990888,3560.79909436839,3279.81365134328
-5210.75701485209,3192.45292933786,3247.25881870892
-5453.53999742014,2810.28827711315,3200.64823107313
-5672.71326344273,2415.95725954923,3140.18127359332
-5867.32357522595,2011.16516612752,3066.11729653684
-6036.52356273118,1597.66314186678,2978.77454024956
-6179.57545698122,1177.24066796987,2878.52880608203
-6295.85435849824,751.7178665223,2765.81187815824
-6384.85102542036,322.937661477422,2641.10970194187
-6446.17416786514,-107.242171027779,2504.96032661521
-6479.5522371122,-536.957029297408,2357.95161933214
-6484.83470025617,-964.343555367103,2200.7187604312
-6461.99279312765,-1387.54771227337,2033.94152969549
-6411.11974648581,-1804.73283435076,1858.34139471576
-6332.43048274461,-2214.08761548888,1674.67841334805
-6226.2607827952,-2613.83400031603,1483.74796315275
-6093.06592481812,-3002.23494348336,1286.37731154478
-5933.41879933505,-3377.60200256657,1083.42204118719
-5748.00750711413,-3738.30273063151,875.762345896251
-5537.63244890632,-4082.76783519432,664.29921300436
-5303.20291833859,-4409.49807115813,449.95050873666
-5045.73321162001,-4717.07083631436,233.646983702355
-4766.33826999247,-5004.14643918775,16.3282160560565
-4466.22887309761,-5269.47401032843,-201.061489724807
-4146.70640359629,-5511.8970296501,-417.577230203455
-3809.15720546347,-5730.35844405587,-632.277638033468
-3455.04656038077,-5923.90535137409,-844.229006114713
-3085.91230853503,-6091.69322854995,-1052.50938224772
-2703.35814191773,-6232.98968407811,-1256.21261573378
-2309.04659984633,-6347.17771683342,-1454.45233753553
-1904.69179795642,-6433.75846571387,-1646.36585585113
-1492.05192325162,-6492.3534368788,-1831.11794930968
-1072.92152900221,-6522.70619780229,-2007.90454042887
-649.123664311452,-6524.68352987112,-2175.95623250522
-222.50187401041,-6498.27603381705,-2334.54169372964
205.087894773151,-6443.59818486998,-2482.97087301829
631.785442556893,-6360.88783713939,-2620.5980328409
1055.73448683876,-6250.50517935809,-2746.82458518763
1475.09081361305,-6112.93114673945,-2861.1017177547
1888.03037394209,-5948.76529629312,-2962.93279842959
2292.75728874436,-5758.72315549803,-3051.87554722183
2687.51172544017,-5543.63305672635,-3127.54396590503
3070.57761074331,-5304.43247224686,-3189.6100167988
3440.29014474568,-5042.16386697473,-3237.80504333028
3795.04308245845,-4757.97008838073,-3271.92092625313
4133.29575014058,-4453.08931512739,-3291.81097066634
4453.57976513985,-4128.84958798145,-3297.3905202638
4754.50542940643,-3786.66294848924,-3288.63729653506
5034.76776855347,-3428.01921257945,-3265.59146193914
5293.15219003216,-3054.47940792676,-3228.35540736454
5528.53973594626,-2667.66890527274,-3177.09326546903
5739.91190796453,-2269.27027524602,-3112.03015275784
5926.35504392,-1861.01590327333,-3033.4511444915
6087.0642278178,-1444.68039615739,-2941.69998772302
6221.34671722198,-1022.07281463705,-2837.17755892813
6328.62487426744,-595.028766853495,-2720.34007381706
6408.43858887008,-165.402398058998,-2591.69705798913
6460.44718505607,264.941687838692,-2451.80908811389
6484.43080369639,694.136539221932,-2301.28531428661
6480.29125729959,1120.32096461328,-2140.7807751073
6448.05235487038,1541.64760208209,-1970.99351787349
6387.85969717728,1956.29091526697,-1792.66153704703
6299.97994507548,2362.45508161433,-1606.55954486323
6184.79956579048,2758.38173914294,-1413.49558857754
6042.82306428074,3142.35755885405,-1214.30752941716
5874.67070894376,3512.72161088874,-1009.85939878595
5681.07576301576,3867.87249360027,-801.037647697105
5462.881235021,4206.27519591346,-588.747305751063
5221.03616355709,4526.46766463952,-373.908066254938
4956.59145353647,4827.06704982513,-157.450314277975
4670.69528276402,5106.77560268866,59.6888854171703
4364.58809937552,5364.38620228276,276.569823569523
4039.5972322225,5598.78748865991,492.254187737707
3697.1311377402,5808.96858203258,705.809092803315
3338.67330818383,5994.02336919088,916.311083850633
2965.77586736304,6153.15434026229,1122.85009480079
2580.0528811338,6285.67596076865,1324.53334643039
2183.17341093972,6391.01756583803,1520.48916770568
1776.85433960184,6468.72576537085,1709.87072472932
1362.85299936582,6518.46635092108,1891.8596420082
942.959632908555,6540.02569703794,2065.66950121676
518.989718582988,6533.31165181222,2230.54920314785
92.7761916581239,6498.3539133777,2385.78617910228
-333.838406338335,6435.30389112957,2530.70943857929
-759.009817812217,6344.43405243168,2664.69244077941
-1180.89996633922,6226.13675758776,2787.15577812651
-1597.68482842443,6080.92258784505,2897.56966074766
-2007.56224736052,5909.41817317342,2995.45619162323
-2408.75965694509,5712.36352852379,3080.39142292363
-2799.54168314978,5490.60890919264,3152.00718489716
-3178.21759223247,5245.11119782874,3209.99267954253
-3543.14855434143,4976.92983747174,3254.09583221065
-3892.75469228364,4687.22232684809,3284.12439521075
-4225.52188590933,4377.23929591123,3299.9467984605
-4540.00830340644,4048.31918135824,3301.49274320247
-4834.85063180943,3701.88252349315,3288.75353581909
-5108.76998006916,3339.42590745483,3261.78215980383
-5360.57742928486,2962.51557329831,3220.69308499009
-5589.17920593548,2572.78072095216,3165.66181419864
-5793.58145542028,2171.90653736729,3096.92416852852
-5972.89459467637,1761.62697452865,3014.77531359632
-6126.33722428719,1343.71730813917,2919.56853010395
-6253.23958218825,919.986507889192,2811.71373319384
-6353.04652287839,492.269451204352,2691.67574612756
-6425.32000794041,62.4190132030233,2559.97233488453
-6469.74109564196,-367.701933657946,2417.1720113327
-6486.11141943989,-796.228576172731,2263.89161365636
-6474.35414733235,-1221.30223867301,2100.79367373549
-6434.51441618544,-1641.07844814347,1928.58358215587
-6366.75923740044,-2053.73495112958,1748.00656247603
-6271.37687257293,-2457.47964736874,1559.84446729132
-6148.77568011461,-2850.55840522202,1364.91240949664
-5999.48243615736,-3231.26272426396,1164.05524297222
-5824.14013541991,-3597.93721085312,958.143907675434
-5623.50528008511,-3948.98683312018,748.071654827518
-5398.44466708816,-4282.88392260486,534.750168516373
-5149.93168655924,-4598.17489070857,319.105600613299
-4879.04214645745,-4893.48662925885,102.074536385625
-4586.94964069612,-5167.53256574085,-115.400091388398
-4274.92048024602,-5419.11834519411,-332.373121670917
-3944.3082088309,-5647.14711234609,-547.90129939686
-3596.54772685725,-5850.62436928931,-761.047406148555
-3233.14904916171,-6028.66238587037,-970.884368661375
-2855.69072397507,-6180.48414196134,-1176.49932657851
-2465.81294220278,-6305.42678289866,-1376.99764099001
-2065.21036768582,-6402.94457160209,-1571.5068255039
-1655.62472051765,-6472.61132321338,-1759.18038190736
-1238.83714675499,-6514.12231050418,-1939.20152287602
-816.660408957265,-6527.29563078628,-2110.78676468209
-390.930932901137,-6512.07302759951,-2273.18937343991
36.499253426903,-6468.52016303572,-2425.70264909156
463.770651911245,-6396.82633917188,-2567.66303209458
889.024460438389,-6297.30366971059,-2698.4530186047
1310.41073588099,-6170.38570554942,-2817.50387085513
1726.0965167527,-6016.62552060506,-2924.29811041139
2134.27386855698,-5836.69326679063,-3018.37178302011
2533.16781526311,-5631.37320956222,-3099.31648487114
2921.04412091476,-5401.5602579144,-3166.78114123618
3296.216886164,-5148.25600507844,-3220.47352964334
3657.05592546791,-4872.56429846559,-3260.16154097268
4001.99389180587,-4575.68635958197,-3285.6741731148
4329.5331170621,-4258.91547670835,-3296.90225311268
4638.25213766497,-3923.63129507143,-3293.79888499892
4926.81187665652,-3571.29373103478,-3276.37962183688
5193.96145507378,-3203.43653850744,-3244.7223617707
5438.5436073989,-2821.66055722899,-3198.96696917447
5659.49967773727,-2427.62667399236,-3139.31462326437
5855.874175487,-2023.04852897095,-3066.02689778052
6026.81887135444,-1609.68500038177,-2979.4245765678
6171.59641680149,-1189.33250151602,-2879.88621106405
6289.58347226397,-763.817124849452,-2767.84642684741
6380.27333179602,-334.986668418092,-2643.79398748519
6443.27803412964,95.2974200176617,-2508.26962497424
6478.3299525052,525.168145367406,-2361.86364704513
6485.2828579915,952.761078518891,-2205.21333253279
6464.11245337716,1376.22244510063,-2039.00012687956
6414.91637705867,1793.71715457955,-1863.94665063546
6337.91367866793,2203.43673506205,-1680.81353455351
6233.44377045919,2603.60713981535,-1490.39609553506
6101.96486070847,2992.49639228743,-1293.52086827813
5944.0518775511,3368.42203733069,-1091.04200799376
5760.39389379298,3729.758367361,-883.837580005902
5551.79106527136,4074.9433933345,-672.805752426681
5319.15109729944,4402.48553168907,-458.860908400951
5063.48525560259,4710.96997976239,-242.929694644634
4785.90393994423,4999.06475364586,-25.947023168737
4487.61184032828,5265.5263639813,191.147956829266
4169.90269726098,5509.20510682151,407.415899896711
3834.15368904875,5729.04994836326,621.921301108867
3481.8194704982,5924.11298411057,833.736511836731
3114.42588866978,6093.55345482909,1041.94571779691
2733.56340251357,6236.64130350338,1245.64886290633
2340.8802342826,6352.76025940182,1443.96550274895
1938.07528158149,6441.41043727815,1636.03857179891
1526.89081974938,6502.21044169575,1821.03804894231
1109.10502502255,6534.8989684342,1998.16450628033
686.524349540806,6539.33589693386,2166.65252669663
260.975779776408,6515.50286973656,2325.77397621515
-165.700989626779,6463.50335689138,2474.84111776233
-591.661434333442,6383.56220530514,2613.20955358599
-1015.06409865955,6276.02467502415,2740.28098425749
-1434.07848125718,6141.35496643099,2855.50577290316
-1846.8928756639,5980.13424432368,2958.38530406752
-2251.722133394,5793.0581668094,3048.47412740404
-2646.81531751473,5580.93392888694,3125.38187721853
-3030.46321503409,5344.67683250257,3188.77495975338
-3401.00567691103,5085.30639674551,3238.37800099367
-3756.83875510437,4803.94202368759,3273.97504870059
-4096.42160679357,4501.79823716429,3295.41052332846
-4418.28313671134,4180.17951355357,3302.58991345656
-4721.02834949014,3840.47472527908,3295.48021236876
-5003.34438494512,3484.1512194098,3274.1100934308
-5264.00621037428,3112.74855529208,3238.56982295486
-5501.88194523613,2727.8719266101,3189.01091029076
-5715.93779489486,2331.18529472834,3125.64549595138
-5905.24257163584,1924.40426143233,3048.74547964775
-6068.97178269357,1509.28871045551,2958.64139119099
-6206.41126672053,1087.63524828386,2855.72100829582
-6316.96036188688,661.26947575259,2740.42772639642
-6400.13459065585,232.038122851746,2613.25868665475
-6455.56784821971,-198.198920057007,2474.76266939983
-6483.0140836029,-627.576640759974,2325.53776127711
-6482.34846453143,-1054.23297907088,2166.2288054085
-6453.56801932813,-1476.31690131827,1997.52464485659
-6396.79175131088,-1891.99644044941,1820.15517065131
-6312.26022343918,-2299.46666667743,1634.8881865632
-6200.33461326107,-2696.95755367565,1442.52610368964
-6061.49524055287,-3082.74170553813,1243.90247876371
-5896.33957239903,-3455.14191013516,1039.87841087287
-5705.57971282617,-3812.53848503628,831.338812005892
-5490.03938646794,-4153.37638289543,619.188567510223
-5250.65042808363,-4476.17202407843,404.348603138259
-4988.44879206463,-4779.51982536896,187.751875879532
-4704.57009834776,-5062.09839478531,-29.6606937677246
-4400.24473336423,-5322.67636392436,-246.944330075848
-4076.79252681136,-5560.11783076331,-463.154532620376
-3735.61702710026,-5773.38738752593,-677.351210577697
-3378.19940030882,-5961.55471003181,-888.602802194599
-3006.09197934053,-6123.7986868934,-1095.99036082333
-2620.91149172804,-6259.41106900105,-1298.61158900318
-2224.33199615428,-6367.79962191407,-1495.58480223645
-1818.07755922007,-6448.49076607299,-1686.05280438777
-1403.9147053215,-6501.13169212071,-1869.18665699396
-983.644673660662,-6525.49194107903,-2044.18932522942
-559.095517392823,-6521.46444164814,-2210.2991838256
-132.114080743601,-6489.06599946377,-2366.79336687208
295.442109453067,-6428.43723575278,-2512.99094615446
721.713000898044,-6339.8419754491,-2648.25592348489
1144.84418449606,-6223.66608745905,-2772.0000233588
1562.9950373437,-6080.41578237772,-2883.68527322495
1974.34680295141,-5910.71537554628,-2982.82635966889
2377.11057195357,-5715.30452587906,-3068.99274989011
2769.53512705589,-5495.03496338036,-3141.81056897749
3149.91461669359,-5250.86672067347,-3200.96422466894
3516.59602273049,-4983.86388619986,-3246.19777249011
3867.98638860118,-4695.18989896564,-3277.31601541755
4202.55977552324,-4386.10240682049,-3294.18533348076
4518.863915763,-4057.94771226444,-3296.734240003
4815.52653350583,-3712.15483160429,-3284.95366247993
5091.2613055187,-3350.22919501838,-3258.89694738911
5344.87343559845,-2973.74601664647,-3218.67958951688
5575.26481872327,-2584.34336520435,-3164.4786876645
5781.43877280855,-2183.71496690423,-3096.53212985588
5962.50431810184,-1773.60277349311,-3015.13751239643
6117.67998641117,-1355.78932915179,-2920.65079833149
6246.29714461045,-932.089970720759,-2813.48472201099
6347.8028191612,-504.344896268727,-2694.10694757792
6421.76201071444,-74.4111374185192,-2563.03799026476
6467.85949021561,355.845528950537,-2420.84891038931
6485.90107029887,784.558693956015,-2268.15879089307
6475.81434812205,1209.86941936887,-2105.63201015557
6437.64891814652,1629.93429440231,-1933.97532264213
6371.57605569493,2042.93341178862,-1753.93476070314
6277.88787441393,2447.07822889348,-1566.29237152694
6156.9959630215,2840.61928032114,-1371.86280387547
6009.42950891355,3221.85370934567,-1171.48975976989
5835.83291834389,3589.13258646982,-966.04232677741
5636.96294495577,3940.8679845352,-756.411206947477
5413.68534043905,4275.5397810137,-543.504858783667
5166.9710429889,4591.70215944866,-328.245568889537
4897.89192107516,4887.98978341442,-111.565470128353
4607.61609174777,5163.12361789207,105.597476755567
4297.40283434953,5415.91637452869,322.303521041729
3968.59712203256,5645.27755892067,537.615162473796
3622.62379491141,5850.21809977951,750.60117731801
3260.98140000816,6029.85454162587,960.34061326638
2885.23572436836,6183.41278448748,1165.92673661049
2497.01304883592,6310.23135595468,1366.47091537397
2097.99315097681,6409.76420286118,1561.10642240956
1689.90208653336,6481.58299180073,1748.9921428389
1274.5047795739,6525.37890965901,1929.31617063797
853.59745216852,6540.96395732812,2101.29927964926
428.999924983972,6528.27173177071,2264.19825482512
2.54782063522174,6487.35769360996,2417.3090700802
-423.915298034679,6418.3989194323,2559.96989974878
-848.545822347122,6321.69333999905,2691.56395130145
-1269.50799234747,6197.65846756454,2811.52210768023
-1684.98175902176,6046.82961748775,2919.32536835084
-2093.17058177141,5869.85763129893,3014.50707895051
-2492.30912897886,5667.50611032947,3096.65494022735
-2880.67084981488,5440.6481709446,3165.41278781228
-3256.57538590398,5190.2627343037,3220.48213525155
-3618.39579200499,4917.4303654364,3261.62347363568
-3964.56553555379,4623.32867822407,3288.65732210456
-4293.58524565747,4309.22732467014,3301.46502447047
-4604.02918308075,3976.48258850939,3299.9892881973
-4894.55140369347,3626.53160492028,3284.23446298002
-5163.89158902741,3260.886229633,3254.26655720349
-5410.88051875631,2881.12658229336,3210.21299160446
-5634.44516127062,2488.89429035015,3152.2620905212
-5833.61335993245,2085.88546110665,3080.66231218521
-6007.51809413679,1673.84341082962,2995.72122058477
-6155.40129593057,1254.55118098587,2897.8042025103
-6276.61720467299,829.823872733431,2787.33293446947
-6370.6352440427,401.500831735288,2664.78360522996
-6437.04240759868,-28.5622837881579,2530.68490081468
-6475.54514109747,-458.501518161824,2385.6157598192
-6485.97071183159,-886.452682325829,2230.20290795256
-6468.26805738973,-1310.55943225154,2065.11818170687
-6422.50810843484,-1728.98132678961,1891.07565203737
-6348.88358234615,-2139.90182988903,1708.8285598776
-6247.70824686294,-2541.53622214545,1519.16607621194
-6119.41565519752,-2932.13938678882,1322.90990029077
-5964.55735643413,-3310.01343556251,1120.91071037388
-5783.8005873943,-3673.5151404309,914.044482139672
-5577.92545451557,-4021.06313770459,703.208690589371
-5347.82161664379,-4351.14487199555,489.318411897331
-5094.48448196565,-4662.32324840389,273.302342208322
-4819.01093460699,-4953.24296247404,56.0987508668099
-4522.59460865944,-5222.63647877699,-161.348614045327
-4206.52072958261,-5469.32963043054,-378.094649666168
-3872.16054502994,-5692.24681348765,-593.197033383369
-3520.96536916101,-5890.41575188036,-805.720350373207
-3154.4602664157,-6062.97181050147,-1014.74019503705
-2774.23740251986,-6209.16183603132,-1219.34722777013
-2381.94909216785,-6328.34750725576,-1418.65116863306
-1979.30057435229,-6420.00817887452,-1611.78470973429
-1568.0425476989,-6483.74320514092,-1797.90732845712
-1149.96349939288,-6519.27373210198,-1976.20898408461
-726.881862329839,-6526.44394970629,-2145.91368089416
-300.638036028931,-6505.22179759615,-2306.28288138653
126.91369247544,-6455.69912099525,-2456.61875401332
553.91329100801,-6378.09127571833,-2596.26724052897
978.503150821937,-6272.73618395679,-2724.62092894846
1398.83624415121,-6140.09284511452,-2841.12171901258
1813.08423359211,-5980.73930856711,-2945.26326805479
2219.44549641009,-5795.37011777851,-3036.59320621687
2616.15302730076,-5584.79323772211,-3114.71511106802
3001.48218377833,-5349.92647998828,-3179.29023284445
3373.75823915641,-5091.79344232834,-3230.03896272155
3731.36370907935,-4811.51898165196,-3266.74203776807
4072.74541873706,-4510.32424164011,-3289.24147749508
4396.42127918009,-4189.52125820165,-3297.44124818962
4700.98674267135,-3850.50716787459,-3291.30765252089
4985.1209085701,-3494.75804609282,-3270.86944320085
5247.59225305538,-3123.82240379728,-3236.21766077732
5487.2639577919,-2739.31437241448,-3187.50519692185
5703.09881468408,-2342.90660844997,-3124.94608583792
5894.16368587393,-1936.32295016079,-3048.81452766182
6059.63350033354,-1521.33085967954,-2959.44364893407
6198.79477059481,-1099.73368480315,-2857.22400639769
6311.04861544911,-673.362775258713,-2742.60184150721
6395.91327675689,-244.069488734314,-2616.0770941206
6453.02612086202,186.282877778922,-2478.2011848721
6482.14511746152,615.827195654668,-2329.57457670361
6483.14979115206,1042.70061569753,-2170.84412694302
6456.04164323141,1465.05264720337,-2002.70024217112
6400.94404367313,1881.05316998743,-1825.87384890184
6318.10159550178,2288.90034487457,-1641.13319381766
6207.87897606653,2686.82838880926,-1449.28048795183
6070.75926192811,3073.11518156534,-1251.14840977716
5907.34174623821,3446.08967195249,-1047.59648267415
5718.33925958517,3804.1390524896,-839.507342677905
5504.57500730109,4145.71567268889,-627.78291276398
5266.97893816643,4469.34366237855,-413.340500220727
5006.58366131171,4773.62523786568,-197.108833879469
4724.51992987312,5057.2466652302,19.9759418875765
4422.01171163786,5318.98385658543,236.974299404743
4100.37086848627,5557.70757677874,452.947369159073
3760.99146790856,5772.38823970709,666.960973542005
3405.34375124496,5962.10027518032,878.0896360276
3034.96778455579,6126.02604908271,1085.42054912932
2651.46681918772,6263.45932143974,1288.05748471149
2256.50039014242,6373.80822890011,1485.12463053058
1851.77718129087,6456.59778007388,1675.77033723089
1439.04768730613,6511.47185412666,1859.17076042264
1020.09670288978,6538.19469501297,2034.53338293165
596.735670483055,6536.65189572474,2201.10040281031
170.794918132824,6506.85086893907,2358.15197325839
-255.884180428721,6448.9208024593,2505.00928119835
-681.457091173944,6363.11209985362,2641.03745189725
-1104.084018157,6249.79530870128,2765.64826770978
-1521.93778236066,6109.45954085034,2878.30268974597
-1933.21164855398,5942.71039107265,2978.51317202964
-2336.12706789202,5750.26736245883,3065.84575851756
-2728.9413042637,5532.96080883723,3139.92195418205
-3109.95491281735,5291.72840639794,3200.4203622337
-3477.51903958539,5027.61116858376,3247.07808045634
-3830.04251176733,4741.74902013666,3279.69185055932
-4165.99868897558,4435.37594796523,3298.11895540822
-4483.93204656179,4109.8147482601,3302.27785997368
-4782.4644631485,3766.47139092439,3292.14859284593
-5060.30118551281,3406.82902403728,3267.7728661827
-5316.23644517092,3032.44164259686,3229.25393300129
-5549.15870229387,2644.92744725433,3176.75618177879
-5758.05549395666,2245.9619201673,3110.50446939336
-5942.0178652385,1837.27064636854,3030.78319451084
-6100.24436326842,1420.62191027386,2937.9351146008
-6232.04457600564,997.819098053847,2832.35991084597
-6336.8421993331,570.692937574606,2714.51250628063
-6414.1776179083,141.09360851249,2584.90114356559
-6463.70998718065,-289.117244016512,2444.08522985749
-6485.21880601677,-718.074558332667,2292.67295727074
-6478.60497148489,-1143.91793310849,2131.31870844432
-6443.89130952206,-1564.79969750732,1960.72025771444
-6381.2225774372,-1978.89293952626,1781.61577934942
-6290.86493647954,-2384.39945747258,1594.78067522103
-6173.20489501819,-2779.55759960482,1401.02423516355
-6028.74772522061,-3162.64995723985,1201.18614409502
-5858.11535847856,-3532.01087704764,996.132850751063
-5662.04376719489,-3886.03375884989,786.753813593479
-5441.37984290707,-4223.1781059876,573.957640109182
-5197.07778305883,-4541.97629625251,358.66813629077
-4930.19500104627,-4841.04004244949,141.820283604104
-4641.88757642378,-5119.06651291122,-75.6438388273812
-4333.40526436528,-5374.84408368257,-292.779168739752
-4006.08608561035,-5607.25769564993,-508.641793603412
-3661.3505201744,-5815.29379159355,-722.293083337533
-3300.6953300583,-5998.04480998165,-932.803804259896
-2925.68703803363,-6154.71321430072,-1139.25819567767
-2537.95509130386,-6284.61503881147,-1340.75799062481
-2139.18474042789,-6387.18293382917,-1536.42636244937
-1731.10966533537,-6461.96869593511,-1725.41177924445
-1315.50438155548,-6508.64527092203,-1906.89174849962
-894.176460898199,-6527.00821974878,-2080.07643483031
-468.958601793695,-6516.97664030918,-2244.21213420379
-41.7005852569253,-6478.59354040043,-2398.58458874184
385.738846955316,-6412.02565988356,-2542.52212691513
811.500155025007,-6317.56274265422,-2675.39861476412
1233.731167414,-6195.61626166645,-2796.63620467769
1650.59521366296,-6046.71760286165,-2905.70786922365
2060.27918662492,-5871.51571643239,-3002.13970855677
2461.00149746812,-5670.77424638448,-3085.51302101561
2851.01988734638,-5445.36815182778,-3155.4661276621
3228.63906036528,-5196.27983582407,-3211.69594269915
3592.21810339634,-4924.5947999233,-3253.9592829257
3940.17765937549,-4631.49684472822,-3282.07391063903
4271.00682200304,-4318.26283889586,-3295.91930567174
4583.26972112864,-3986.25708098429,-3295.43716353528
4875.61176972449,-3636.92528033141,-3280.63161794427
5146.76554499348,-3271.78818487771,-3251.5691872882
5395.55627801116,-2892.43488534859,-3208.37844590838
5620.9069282256,-2500.51582658516,-3151.24942231028
5821.84282116469,-2097.73555803072,-3080.4327276952
5997.49582983094,-1685.845256405,-2996.23841941819
6147.10808245322,-1266.63505446897,-2899.03460516839
6270.03518152034,-841.926210475596,-2789.24579481621
6365.74892132065,-413.563153432252,-2667.35100797758
6433.83949355385,16.5945603664772,-2533.88164639398
6474.01717293388,446.680343885484,-2389.4191412274
6486.11347707044,874.82869331778,-2234.59238630691
6470.08179727959,1299.18328397176,-2070.07496923942
6425.99749932223,1717.90501288111,-1896.5822131093
6354.05749539154,2129.17995341091,-1714.8680422336
6254.57929095724,2531.22718773789,-1525.72168611691
6127.99951231418,2922.30648384499,-1329.96423635043
5974.87192286821,3300.72578455081,-1128.44507173366
5795.8649383163,3664.84847710488,-922.038167359908
5591.75865292716,4013.10041302008,-711.638303790048
5363.44139110448,4343.97664904755,-498.157192759538
5111.90580030675,4656.04788154574,-282.519536108346
4838.24450319894,4947.96654793614,-65.6590347977451
4543.64532862349,5218.47257046018,151.485635013598
4229.38614258637,5466.39871906108,367.974861826718
3896.82930197242,5690.67557188266,582.87213760747
3547.41575510646,5890.33605362169,795.248078651269
3182.65881458941,6064.51953375778,1004.18441176706
2804.13762902327,6212.47546853555,1208.77790926233
2413.4903813441,6333.56657244912,1408.14425647368
2012.40724244018,6427.2715069099,1601.42183592916
1602.62310962145,6493.18707571877,1787.7754126006
1185.91016024944,6531.02991894354,1966.39970514898
764.070251485176,6540.63769879001,2136.52282855094
338.927197659977,6521.96977305763,2297.40959402454
-87.6810428248718,6475.10735378183,2448.36465276414
-513.910238831199,6400.25315067448,2588.73547061192
-937.917783623836,6297.73050098296,2717.91512146822
-1357.87058530008,6167.98198938678,2835.34488795227
-1771.95291801189,6011.56756353859,2940.51665857348
-2178.37420162574,5829.16215282295,3032.97511146287
-2575.3766777022,5621.55279985516,3112.31967553406
-2961.24295004683,5389.63531615675,3178.20626080299
-3334.30335854548,5134.41047533212,3230.34875048139
-3692.94315557607,4856.97975892209,3268.52024837748
-4035.60945500366,4558.54067189789,3292.55407608652
-4360.81792452237,4240.38164654989,3302.3445154195
-4667.1591930903,3903.87655517314,3297.84729252105
-4953.30494614984,3550.47885365837,3279.07980113682
-5218.01368253365,3181.71537960387,3246.12106352965
-5460.13610813632,2799.17983012591,3199.1114285916
-5678.62014282355,2404.52594592062,3138.25200776115
-5872.5155184729,1999.46042950282,3063.80385042825
-6040.9779476147,1585.73562676173,2976.08686158382
-6183.27284377847,1165.14200214319,2875.47846555295
-6298.77857640848,739.500438789625,2762.41202072574
-6386.98924504714,310.654395898747,2637.37499127087
-6447.51695940981,-119.538043629117,2500.90688287864
-6480.09361398284,-549.212201513953,2353.59695062297
-6484.57214785596,-976.504874097012,2196.08168805844
-6460.92728264883,-1399.5624093266,2029.04210766617
-6409.2557335995,-1816.54875576807,1853.20082373363
-6329.77589114223,-2225.65344857104,1669.31894968528
-6222.82697260203,-2625.09949737009,1478.19282277297
-6088.86764596902,-3013.15114128629,1280.65056988574
-5928.47413006821,-3388.12143657262,1077.54852902731
-5742.33777780569,-3748.37964296339,869.767541751122
-5531.26215153718,-4092.35837547769,658.209132518615
-5296.15960195431,-4418.56048928293,443.791591555453
-5038.04736420268,-4725.56566625038,227.445978312998
-4758.04318723706,-5012.03667300255,10.1120631119266
-4457.3605146432,-5276.7252616053,-207.265775081802
-4137.30323732394,-5518.47768554702,-423.742676497324
-3799.26004053184,-5736.23980529415,-638.377435555411
-3444.69836972431,-5929.06175949992,-850.236624440238
-3075.15804160834,-6096.10217986547,-1058.39868663529
-2692.24452850395,-6236.63192970612,-1261.95798188237
-2297.62194581352,-6350.03734843307,-1460.02876417215
-1893.00577386682,-6435.82298644027,-1651.74907463935
-1480.15534677754,-6493.6138172425,-1836.28453157437
-1060.86614213046,-6523.15691615763,-2012.83200020841
-636.961906339672,-6524.32259733475,-2180.62312546116
-210.286651372751,-6497.10500349083,-2338.92771145708
217.303440810306,-6441.62214531813,-2487.05693232764
643.94816926811,-6358.11539014451,-2624.36635960119
1067.79148342149,-6246.94840205525,-2750.25879234987
1486.98963351279,-6108.60553830273,-2864.18687719957
1899.71926506378,-5943.68970942239,-2965.65550631453
2304.18542050625,-5752.91971302439,-3054.22398253423
2698.62941163226,-5537.12705372997,-3129.50794195841
3081.33652719055,-5297.25226414183,-3191.18102544687
3450.64354079151,-5034.34074408515,-3238.97629170547
3804.94598530674,-4749.53813760349,-3272.68736587203
4142.7051611672,-4444.08526930949,-3292.16931878493
4462.45484726678,-4119.31266374055,-3297.33927339625
4762.80768474819,-3776.63467319773,-3288.1767360924
5042.46120551724,-3417.54324135181,-3264.72365197785
5300.20347918073,-3043.60133141609,-3227.08418447258
5534.91835392208,-2656.43604919584,-3175.42422085503
5745.59026888503,-2257.73149252341,-3109.97060664107
5931.30861767517,-1849.22135975545,-3031.0101129299
6091.27164478957,-1432.68135089407,-2938.88814204652
6224.78985899759,-1009.92139568571,-2834.00717797937
6331.28894998856,-582.77774362865,-2716.82498923177
6410.31219692479,-153.104951239325,-2587.8525927795
6461.52235988897,277.232197825108,-2447.65198884653
6484.70304758063,706.366804119536,-2296.83367717174
6479.75955698044,1132.43795964937,-2136.05396634327
6446.71918305823,1553.59881566503,-1966.01208861076
6385.730998934,1968.02457607532,-1787.44713336077
6297.06510920251,2373.92038211146,-1601.13481313705
6181.11138139305,2769.52905455541,-1407.88407672579
6038.37766274163,3153.1386606986,-1208.53358437908
5869.48749160356,3523.0898741443,-1003.94806074576
5675.17731491399,3877.78309666211,-795.014541491536
5456.2932251088,4215.68531250215,-582.638529934947
5213.78723184246,4535.33664687921,-367.740080299638
4948.71308568355,4835.35660173428,-151.249824390671
4662.22167270508,5114.4499433871,65.8950413732691
4355.5560005487,5371.41221825267,282.754791565102
4030.04579808737,5605.13487445169,498.391212992898
3687.10175226429,5814.60996885515,711.871634646381
3328.20940703031,5998.93444087739,922.27292954164
2954.92275054098,6157.31393615626,1128.68547185018
2568.85751791189,6289.06616512544,1330.21703294517
2171.68423783827,6393.62378339806,1525.99660031347
1765.12105231446,6470.53678281086,1715.17810363472
1350.92633948033,6519.47438394888,1896.9440327506
930.891170307249,6540.22642295353,2070.50893271625
506.831630431793,6532.70422741336,2235.12276163463
80.5810388914464,6496.94097814739,2390.07409754815
-346.017904111666,6433.09155569933,2534.69318126388
-771.121008055929,6341.43187237223,2668.35478264442
-1192.89048905975,6222.3576926358,2790.48087859179
-1609.50284043573,6076.38294673145,2900.54313168391
-2019.15664441922,5904.13754427444,2998.06515919917
-2420.08029283857,5706.36469661268,3082.62458306876
-2810.53958483111,5483.91775862326,3153.85485214606
-3188.84517010922,5237.75660253708,3211.44682905193
-3553.35980684308,4968.94353823316,3255.15013476704
-3902.50540384908,4678.6387962822,3284.77424507286
-4234.76981756736,4368.09559177018,3300.18933390989
-4548.71337513627,4038.65478869222,3301.32685970258
-4842.97509591066,3691.73918632315,3288.17989171347
-5116.2785847937,3328.84745063574,3260.80317451299
-5367.43757202363,2951.54771529449,3219.31292969698
-5595.36107529129,2561.4708782871,3163.88639504286
-5799.05816153822,2160.30362155028,3094.76110236005
-5977.6422872492,1749.7811822942,3012.23389637073
-6130.33519770039,1331.67990586769,2916.65969803115
-6256.47036731948,907.809611107475,2808.45001678401
-6355.49596511876,480.005800090185,2688.07121730785
-6426.97733106046,50.121745041064,2556.04254739078
-6470.59895118267,-379.979514103018,2412.93393461017
-6486.16592136875,-808.433227384395,2259.36356053251
-6473.6048917661,-1233.38101321984,2095.99522215657
-6432.9644860442,-1652.9789226254,1923.53549130652
-6364.41519192292,-2065.40545423023,1742.73068362804
-6268.2487216879,-2468.86948501443,1554.36364975221
-6144.87684373114,-2861.61808185082,1359.2504020543
-5994.82968850286,-3241.94415922298,1158.2365912525
-5818.7535346237,-3608.19394895352,952.193847852545
-5617.40808327163,-3958.77424840308,742.016004144447
-5391.66323131206,-4292.15941439374,528.615213091146
-5142.49535597996,-4606.8980710552,312.917981020806
-4870.983126217,-4901.61950092184,95.8611315191374
-4578.30285802663,-5175.03968987674,-121.612281662483
-4265.72343339581,-5425.96699798274,-338.557094542598
-3934.60080445673,-5653.30742981996,-554.030167298258
-3586.37210658785,-5856.06947968781,-767.094514564509
-3222.5494060907,-6033.36852889534,-976.82341303295
-2844.71310989135,-6184.43077436943,-1182.30446777014
-2454.50506641552,-6308.59666992712,-1382.64361879411
-2053.62138833929,-6405.32386379163,-1576.9690696669
-1643.80502933396,-6474.18961825763,-1764.43512016871
-1226.83814817364,-6514.8926998265,-1944.22588552606
-804.534294669032,-6527.25473061626,-2115.55888516017
-378.730452800277,-6511.2209943945,-2277.68848451074
48.7210228332258,-6466.86069316762,-2429.90917415997
475.960540581586,-6394.366652874,-2571.55867124036
901.129438302478,-6294.05447935456,-2702.02082894456
1322.37814570819,-6166.36116839698,-2820.72834086587
1737.87430532289,-6011.8431762535,-2927.16522787702
2145.81081508297,-5831.1739596032,-3020.86909629674
2544.41375602523,-5625.14099644704,-3101.43315719466
2931.9501690922,-5394.64230188283,-3168.50799783267
3306.73564586745,-5140.68245508257,-3221.80309743536
3667.14169901332,-4864.36815607519,-3261.08808071126
4011.60287929297,-4566.90333312974,-3286.19370380186
4338.62360738032,-4249.58382357409,-3297.01256861754
4646.78469006536,-3913.79165285154,-3293.49956280701
4934.74949210398,-3560.98893836794,-3275.67202390784
5201.26973662205,-3192.71144639411,-3243.60962751903
5445.1909088991,-2810.56183170869,-3197.45400062273
5665.4572402422,-2416.20259108486,-3137.40806245482
5861.1162507749,-2011.34876281652,-3063.73509656637
6031.32283205669,-1597.76040554441,-2976.75755893984
6175.34285268487,-1177.23489043121,-2876.85562820116
6292.55627228198,-751.599041416552,-2764.46550511146
6382.45975159021,-322.70115874997,-2640.07746961203
6444.66874873018,107.597038671455,-2504.23370474041
6478.9190940466,537.42851650331,-2357.52589771829
6485.06803832744,964.929038051672,-2200.59262943869
6463.0947715456,1388.24525181584,-2034.1165644427
6413.10041161503,1805.54271836927,-1858.82145427199
6335.30746496966,2215.01384196371,-1675.46896781472
6230.05876305012,2614.88567289034,-1484.85536291912
6097.81588101337,3003.42754740675,-1287.80801414082
5939.15704715262,3378.95853295714,-1085.18181200507
5754.77455362282,3739.85464745039,-877.85544961072
5545.47168110423,4084.55582251357,-666.727612776787
5312.1591519919,4411.57258190717,-452.713090232333
5055.85112857453,4719.49240764839,-236.738820583059
4777.66077444673,5006.98576785152,-19.7398929461743
4478.79539909042,5272.81178183367,197.344481760873
4160.55120715244,5515.82349965443,413.575011868093
3824.30767543514,5734.9727749485,628.016361369198
3471.52158200609,5929.31471165842,839.741164841901
3103.72071310949,6098.0116670828,1047.83400417759
2722.4972747474,6240.33679550154,1251.39533064614
2329.50103684534,6355.67711854217,1449.54531611752
1926.43223889321,6443.53611036802,1641.42761759095
1515.03428678188,6503.53578773173,1826.21303958652
1097.08627129601,6535.41829691135,2003.10307939777
674.395339350387,6539.04699154029,2171.33334069959
248.788949553863,6514.40699734804,2330.17680155729
-177.892955894686,6461.60526183712,2478.9469234655
-603.805830705357,6380.87008893387,2617.00058868963
-1027.10842292974,6272.55016065663,2743.74085385591
-1445.97065980692,6137.11304984182,2858.61950845741
-1858.58148654604,5975.14322995225,2961.13942769984
-2263.15662673048,5787.33958995563,3050.85670990705
-2657.94623229859,5574.51246420114,3127.38258953569
-3041.24239143395,5337.58018913534,3190.38511771105
-3411.38646319812,5077.56520057403,3239.59060309262
-3766.77620833704,4795.58968708813,3274.78480680048
-4105.87268641188,4492.87081685578,3295.81388608649
-4427.20689023599,4170.7155570732,3302.58508241121
-4729.3860895287,3830.51510671217,3295.067150586
-5011.09985674582,3473.73896504197,3273.29052666172
-5271.12574921988,3101.92865987042,3237.34723328154
-5508.33462296914,2716.69116099163,3187.39052227057
-5721.69555495479,2319.69200566799,3123.63425529572
-5910.28035198932,1912.64816435887,3046.35202450696
-6073.26762611037,1497.32067608176,2955.8760161451
-6209.94641788986,1075.50708393793,2852.59562118194
-6319.7193509196,649.033702345287,2736.95579813462
-6402.1053025729,219.747748420537,2609.45519426514
-6456.74157808482,-210.490629270327,2470.64403243271
-6483.38557701549,-639.816390720604,2321.12177190823
-6481.91594325705,-1066.36767886489,2161.53455247935
-6452.33319190595,-1488.29389356914,1992.57243216903
-6394.75980854226,-1903.76373023643,1814.96642985175
-6309.43981872602,-2310.97314795676,1629.48538497649
-6196.73782783119,-2708.15323219831,1436.93264749214
-6057.13753367346,-3093.57791728638,1238.14261190042
-5891.23971674932,-3465.57153429649,1033.97711015159
-5699.75971526847,-3822.5161505565,825.321678820264
-5483.52439452196,-4162.85866768,613.081716659021
-5243.4686224731,-4485.11764593916,398.178549223111
-4980.63126577995,-4787.88982383335,181.545417785385
-4696.150722721,-5069.85630294023,-35.8765898047232
-4391.26001172423,-5329.78836949414,-253.142648290651
-4067.28143634259,-5566.5529256741,-469.308325906511
-3725.6208495881,-5779.11750525638,-683.433718509392
-3367.76154250997,-5966.55485010376,-894.587568351035
-2995.25778376386,-6128.04702591584,-1101.85134888624
-2609.72803867163,-6262.88905773613,-1304.32329709591
-2212.84789786996,-6370.49206790649,-1501.12237498941
-1806.34274713344,-6450.38590144284,-1691.392142215
-1391.98021126377,-6502.22122619314,-1874.3045220813
-971.562406095791,-6525.77109759501,-2049.06344375077
-546.918033660413,-6520.9319803719,-2214.90834391572
-119.894356345762,-6487.72422207852,-2371.11751190944
307.650913471327,-6426.29197600932,-2517.01126292671
733.857771411966,-6336.90257360806,-2651.95492483239
1156.87208954883,-6219.94534914176,-2775.36162492107
1574.8537581112,-6075.92992201629,-2886.69486393961
1985.98476337495,-5905.48394469424,-2985.47086570633
2388.4771649886,-5709.35032672014,-3071.26069173443
2780.58093651994,-5488.38394783667,-3143.69211140182
3160.5916337001,-5243.5478755901,-3202.451219383
3526.85785573868,-4975.90910514121,-3247.2837932766
3877.78846614401,-4686.63384121839,-3277.99638560873
4211.85954068773,-4376.98234427706,-3294.4571456612
4527.6210115876,-4048.30336487729,-3296.59636786579
4823.70297845044,-3702.02819219713,-3284.4067647962
5098.82165825377,-3339.66434425259,-3257.94346409084
5351.78494839548,-2962.78892899592,-3217.32372992773
5581.49757877964,-2573.04170684081,-3162.72641095162
5786.96583091584,-2172.11788640435,-3094.39111780905
5967.30180411317,-1761.76068632602,-3012.61713467703
6121.72721103191,-1343.75369692315,-2917.76207036729
6249.57668710253,-919.913076164388,-2810.24025574453
6350.30060061467,-492.079614996561,-2690.52089530841
6423.46735260953,-62.1107074424168,-2559.12598185207
6468.76515806448,368.127738906052,-2416.62798411684
6486.00330222398,796.769416329886,-2263.64731831313
6475.11286829612,1221.95571881689,-2100.84961526488
6436.14693508566,1641.84379702429,-1928.94279575816
6369.28024546247,2054.61453154491,-1748.67396743091
6274.80834885815,2458.48039023547,-1560.82615722859
6153.14622323258,2851.6931360972,-1366.21489406561
6004.8263841494,3232.55135305471,-1165.68465688114
5830.49649073151,3599.40775797949,-960.105203746332
5630.91646033604,3950.67626840284,-750.367798087465
5406.95510577466,4284.83879659468,-537.381348414481
5159.58631081499,4600.45174200422,-322.068478206386
4889.88476151321,4896.15215548876,-105.361542788431
4599.02125266166,5170.66355025663,111.801389838993
4288.25759025992,5422.80133604993,328.480577214368
3958.94111245338,5651.47785474889,543.738642677905
3612.49885280743,5855.70699731121,756.644600772443
3250.43137111277,6034.60838374013,966.277851011105
2874.30627813324,6187.41108961154,1171.73212344511
2485.75148180877,6313.4569045703,1372.1193597311
2086.44818344046,6412.2031101136,1566.57351370801
1678.12365325458,6483.22476593239,1754.25425587818
1262.5438155342,6526.21649604462,1934.35056660649
841.50567417098,6540.99376794476,2106.08420333122
416.829610034249,6527.4936599952,2268.71302761128
-9.64841798407567,6485.77511429163,2421.5341784005
-436.084736073174,6416.01867424783,2563.8870785646
-860.635850352847,6318.52570815291,2695.15626231559
-1281.46634095944,6193.71712195573,2814.7740119421
-1696.75672286127,6042.13156652029,2922.22279295682
-2104.71124100952,5864.42314656909,3017.0374775621
-2503.56556766307,5661.35864047947,3098.80734715305
-2891.59437005422,5433.81424202481,3167.17786542516
-3267.11871701881,5182.77183704234,3221.85221453831
-3628.5132937774,4909.31482986127,3262.59258770181
-3974.21339471232,4614.62353614744,3289.22123248419
-4302.72166479216,4299.97016056944,3301.62124012191
-4612.61456115951,3966.71337942621,3299.7370770892
-4902.54850744102,3616.29254999367,3283.57485620592
-5171.26571440022,3250.22156998669,3253.2023455906
-5417.59964183893,2870.08241197966,3208.74871481214
-5640.48007791293,2477.5183591465,3150.40401865724
-5838.93781352371,2074.2269699535,3078.41841999549
-6012.1088909339,1661.95280076774,2993.10115430602
-6159.23840741996,1242.47991646175,2894.81923950439
-6279.68385649191,817.624220174917,2783.99593578826
-6372.91799103652,389.225634333778,2661.10896129254
-6438.53119465132,-40.8598341440994,2526.68847040599
-6476.23334942658,-470.768110828129,2381.31480265113
-6485.85519050168,-898.63511873725,2225.61601105639
-6467.34913985803,-1322.60485665396,2060.26517995462
-6420.78961400838,-1740.83745586847,1885.97754311767
-6346.37280249288,-2151.5171802957,1703.50741407558
-6244.41591638764,-2552.86033491313,1513.64494137317
-6115.3559083574,-2943.12304765484,1317.21270236553
-5959.74766813846,-3320.60889021074,1115.0621499662
-5778.26169969981,-3683.67630368958,908.069927504448
-5571.68128869709,-4030.74579575599,697.134067539631
-5340.89917118321,-4360.30687668452,483.170091097379
-5086.9137168755,-4670.92470275047,267.107024350735
-4810.82464256181,-4961.24639654472,49.8833502351975
-4513.82827347651,-5230.00701509961,-167.557087110156
-4197.21237265374,-5476.03513818449,-384.269206872642
-3862.35056036322,-5698.25805075079,-599.310826640262
-3510.69634775068,-5895.70649526338,-811.74678945232
-3143.77681070617,-6067.51897156046,-1020.65306421799
-2763.18593178879,-6212.94556390331,-1225.12080093452
-2370.57763968492,-6331.35127703228,-1424.26032228916
-1967.65857722612,-6422.21886528672,-1617.20503345294
-1556.18063035337,-6485.15114120256,-1803.11523221539
-1137.93325164662,-6519.87275242571,-1981.18180202677
-714.735613090813,-6526.23141828016,-2150.629771031
-288.428623618557,-6504.19861988275,-2310.72172078119
139.133152314284,-6453.86974028844,-2460.76102901314
566.089638368757,-6375.46365376859,-2600.09493163291
990.583415093439,-6269.32176595117,-2728.11738992174
1410.76787661628,-6135.90650917127,-2844.2717498891
1824.81533810463,-5975.79929997961,-2948.05318169588
2230.92505709982,-5789.69796831639,-3039.01088812632
2627.33113228057,-5578.41367036353,-3116.75007219799
3012.31024382961,-5342.86729953398,-3180.93365515588
3384.18920040968,-5084.08541240921,-3231.28373730174
3741.35225874043,-4803.19568870037,-3267.58279534309
4082.24818292393,-4501.42194647022,-3289.67461120851
4405.39701200552,-4180.07873587839,-3297.46492855936
4709.39650571425,-3840.56553663423,-3290.92183452025
4992.9282399745,-3484.36058608038,-3270.07586544863
5254.76332548648,-3113.01436649509,-3235.01983685859
5493.7677246022,-2728.14278159659,-3185.90839889512
5708.90714363426,-2331.42005361513,-3122.95732002517
5899.25147986771,-1924.57137335373,-3046.44250284706
6063.97880465307,-1509.36533668549,-2956.69873713477
6202.37886620448,-1087.60620169503,-2854.11819640365
6313.85609799364,-661.126001307094,-2739.14868541573
6397.93212095286,-231.776546683381,-2612.29164712309
6454.24773004283,198.578643042131,-2474.09993858038
6482.56435810791,628.072449023847,-2325.17538632752
6482.76501230557,1054.84226334452,-2166.16613265869
6454.85468075642,1477.03806664566,-1997.76378504063
6398.960209399,1892.83043772922,-1820.70038172791
6315.32965134305,2300.41846064236,-1635.74518733733
6204.33109328101,2698.03749543525,-1443.70133278491
6066.45096573866,3083.96677957597,-1245.40231457011
5902.29184610251,3456.53682796698,-1041.70836888525
5712.56976545615,3814.13660055856,-833.502736463359
5498.11103227855,4155.22040773684,-621.687834434684
5259.84858799765,4478.3145249491,-407.18135174923
4998.81791124202,4782.02348942259,-190.912284933235
4716.15248940604,5065.03605329459,26.1830688973969
4413.0788778052,5326.1307690452,243.165144774461
4090.91136827355,5564.18118475077,459.095151357838
3751.04629052217,5778.16062838228,673.03910420798
3394.95597094292,5967.14656213403,884.071834017042
3024.18237480293,6130.32448958298,1091.28095314385
2640.33045892118,6266.99140034314,1293.7707640405
2245.06126296722,6376.55873877659,1490.66609345125
1840.08476844904,6458.55488525916,1681.11603662065
1427.15255527959,6512.6271404577,1864.29759615322
1008.05028652645,6538.54320505686,2039.41920062285
584.590052540164,6536.19214937058,2205.72408854204
158.602606152815,6505.58486927894,2362.49354385184
-268.070478994446,6446.85402694161,2509.04996969899
-693.584694660917,6360.25347675042,2644.75978790673
-1116.10049627879,6246.15717898721,2769.03615223835
-1533.79118076209,6105.05760564904,2881.34146427512
-1944.85071140641,5937.56364488059,2981.18968149987
-2347.5014576037,5744.39801241644,3068.14840797605
-2740.00181740805,5526.39418036475,3141.84075885429
-3120.65369137152,5284.49283557724,3201.94699080284
-3487.80977660767,5019.73788171155,3248.20589136492
-3839.88065065598,4733.27200092693,3280.4159211728
-4175.34161545701,4426.33179294341,3298.43610390641
-4492.7392726192,4100.24251091131,3302.18665986794
-4790.69780209016,3756.41241523694,3291.64938004529
-5067.92491743678,3396.32676810939,3266.86773856425
-5323.2174721176,3021.54149301164,3227.94674246803
-5555.466692394,2633.6765250005,3175.05251882136
-5763.66301395673,2234.40887887576,3108.41164019881
-5946.900500801,1825.46546371058,3028.31019069567
-6104.38082650524,1408.61567338181,2935.0925756755
-6235.41679975293,985.663783849675,2829.16007954685
-6339.43541772071,558.441188937997,2710.96917693988
-6415.98043284015,128.798507221133,2581.02960371579
-6464.71442039372,-301.40240660564,2439.90219530041
-6485.42033644812,-730.296511883836,2288.19650086807
-6478.00255773698,-1156.0236591987,2126.56818291667
-6442.48739727944,-1576.73665981077,1955.71621276277
-6379.02309175204,-1990.60931228821,1776.37987344038
-6287.8792589098,-2395.84435127021,1589.33558240353
-6169.4458256677,-2790.68128340276,1395.3935473058
-6024.23142979862,-3173.40407575062,1195.39426895754
-5852.86130056276,-3542.34866242781,990.204906329546
-5656.07462595231,-3895.91023577518,780.715519188592
-5434.72141658937,-4232.55028918521,567.835204591864
-5189.75887866114,-4550.80337958453,352.488144054489
-4922.24731057822,-4849.28357868616,135.609578702173
-4633.3455403101,-5126.69058336226,-81.858269845031
-4324.30592255277,-5381.81545690177,-298.970314770157
-3996.46891701796,-5613.54597447393,-514.782737187503
-3651.25727118176,-5820.8715478254,-728.357118579019
-3290.16983278071,-6002.88770608566,-938.764553934566
-2914.77501918452,-6158.8001115321,-1145.08972700198
-2526.70397249013,-6287.92809126757,-1346.43492915874
-2127.64343076949,-6389.70766797203,-1541.9240036137
-1719.32834733841,-6463.69407520334,-1730.70619694324
-1303.53429120071,-6509.56374511969,-1911.95990035177
-882.069662944129,-6527.11575896938,-2084.89626352537
-456.767761304945,-6516.27275322827,-2248.76266452117
-29.4787363999056,-6477.08127684201,-2402.84601978651
397.938533797156,-6409.71159764202,-2546.47591914766
823.624606758635,-6314.45695862797,-2679.02757142836
1245.72764130069,-6191.73228743439,-2799.92454725401
1662.41152887942,-6042.0723649075,-2908.64130656611
2071.86395326425,-5866.12946129634,-3004.70549940072
2472.30434194626,-5664.67045108994,-3087.70002957726
2861.99167318588,-5438.57342000486,-3157.26487208106
3239.23210336086,-5188.82378001587,-3213.09863611234
3602.38638019156,-4916.50991062726,-3254.95986699508
3949.87700852529,-4622.81834677654,-3282.66808139314
4280.19513660032,-4309.02853586447,-3296.10453155414
4591.90713217164,-3976.50718832939,-3295.21269559532
4883.66081939015,-3626.70224805068,-3279.99849213792
5154.19134907366,-3261.13651050413,-3250.53021889659
5402.3266768062,-2881.40091813789,-3206.93821611659
5626.99262524089,-2489.14756380574,-3149.41425702674
5827.21750903013,-2086.08243427663,-3078.21066872594
6002.13630291454,-1673.95792689215,-2993.63918814506
6150.99433570622,-1254.56517329492,-2896.06955891402
6273.15049515509,-829.726204845187,-2785.927876112
6368.07993099409,-401.285994848885,-2663.69468697817
6435.37624579001,28.89558691961,-2529.90285671485
6474.75316559021,458.951871756532,-2385.13520950784
6486.04568471951,887.017505972678,-2230.02195582683
6469.21068144507,1311.2365457445,-2065.23791794292
6424.32700357452,1729.77049768977,-1891.49956640916
6351.5950253752,2140.80627045092,-1709.56188099364
6251.33567948555,2542.56400319487,-1520.21505022281
6123.9889697311,2933.3047376799,-1324.28102430089
5970.11197293935,3311.33790144417,-1122.60993669589
5790.37633996799,3675.02857068175,-916.076410142707
5585.56530821282,4022.80448250252,-705.575763202275
5356.57023983249,4353.16276752199,-492.020133828316
5104.38670181477,4664.67637507569,-276.334536635308
4830.11010581285,4956.00016478763,-59.4528707389223
4534.93092738213,5225.87663975828,157.686104860731
4220.12952586373,5473.14129823572,374.1428113404
3887.07058766474,5696.72758231736,588.980888580931
3537.19721709661,5895.67140396363,801.271215270984
3172.02470022799,6069.11523040609,1010.09589385797
2793.13396841104,6216.31171287001,1214.55218382706
2402.16478921378,6336.62684442472,1413.75636707107
2000.80871347991,6429.54263468964,1606.84752943745
1590.80180808862,6494.65929107999,1792.99124293146
1173.91720475396,6531.69689824543,1971.38313348632
751.957495840398,6540.49658934841,2141.25231970233
326.747008697556,6521.0212048316,2301.86470849595
-99.8760095490839,6473.3554363321,2452.52613417706
-526.06726452101,6397.70545541267,2592.58532810685
-949.984311986199,6294.39802878714,2721.43670675578
-1369.7944476185,6163.87912371619,2838.52296669415
-1783.68255662384,6006.71200923641,2943.33747579819
-2189.85889087859,5823.5748608537,3035.4264507428
-2586.56674148213,5615.25787827422,3114.39091167732
-2972.08997497173,5382.65992766983,3179.88840583445
-3344.76040193775,5126.78472185288,3231.63449271604
-3702.96494735606,4848.73655358192,3269.40398441628
-4045.15259263833,4549.71559903281,3293.03193558854
-4369.84106023434,4231.01281020417,3302.4143785379
-4675.62321250115,3894.00441675572,3297.5087999137
-4961.17313762914,3540.14605937344,3278.33435649572
-5225.25189649119,3170.96657838873,3244.97182860121
-5466.71290559412,2788.06148280316,3197.56331068962
-5684.50693259299,2393.08612637316,3136.31163980741
-5877.68668234458,1987.74861866432,3061.47956358228
-6045.41095298694,1573.80250028978,2973.38865055868
-6186.94834321576,1153.03921264712,2872.41794674097
-6301.68049366385,727.28039352807,2759.00238329154
-6389.10484714066,298.370030877819,2633.63094139762
-6448.83691440917,-131.833492199491,2496.8445813847
-6480.61203419174,-561.465427432884,2349.23394419533
-6484.286618176,-988.662732068924,2191.43683437794
-6459.83887394305,-1411.57214554294,2024.13549472866
-6407.3690009497,-1828.35823717563,1848.05368369676
-6327.09885695704,-2237.21138982292,1663.95356759837
-6219.37109459982,-2636.35568445965,1472.63244057189
-6084.64777012567,-3024.05665087598,1274.91928605675
-5923.50842868789,-3398.62885003818,1071.67119436762
-5736.6476729409,-3758.44325419215,863.76965167349
-5524.87222405093,-4101.93439148337,652.116716365427
-5289.09748658333,-4427.60722272703,437.631099402985
-5030.34363104974,-4734.04371898621,221.244165764482
-4749.7312101805,-5019.909109802,3.89587458513897
-4448.47632721821,-5283.95777326268,-213.469324053133
-4127.88537668883,-5525.03874060276,-429.90661742389
-3789.34938019215,-5742.10078966855,-644.474965084318
-3434.33794174263,-5934.19710338103,-856.241221846652
-3064.39284907794,-6100.48947125292,-1064.28423018362
-2681.12134911963,-6240.25201406978,-1267.69886352624
-2286.18912740741,-6352.874414014,-1465.60000207442
-1881.31302282914,-6437.8646347826,-1657.12642299558
-1468.25351030868,-6494.85111861734,-1841.44458723988
-1048.80698530998,-6523.58444960882,-2017.75230563902
-624.79788502003,-6523.93847514998,-2185.28226749647
-198.070681928743,-6495.91087997499,-2343.30541549344
229.518213831165,-6439.62320982058,-2491.1341514501
656.108606534283,-6355.32034436681,-2628.12535826583
1079.84468418343,-6243.36942174104,-2753.68322423528
1498.88316788195,-6104.25821948627,-2867.26185687301
1911.40140414946,-5938.59299948483,-2968.36767438916
2315.60536336132,-5747.0958268805,-3056.56156402348
2709.73750798083,-5530.60137553646,-3131.46079756789
3092.08449492641,-5290.05323498903,-3192.74069557679
3460.98467726547,-5026.49973619922,-3240.13603297244
3814.83537146202,-4741.0893156417,-3273.44217999582
4152.09985759518,-4435.06543940674,-3292.51597371949
4471.31408132878,-4109.76111099677,-3297.27631662464
4771.09302791429,-3766.5929883815,-3287.70450003952
5050.1367401722,-3407.05513759451,-3263.84425153355
5307.23595413954,-3032.71245177802,-3225.80150665464
5541.27732801665,-2645.19376595044,-3173.74390667543
5751.24824198351,-2246.18469911435,-3107.90002527924
5936.24114860222,-1837.4202563468,-3028.55832834623
6095.45745565089,-1420.67722449833,-2936.06587220707
6228.21092548685,-997.766395860147,-2830.82674689437
6333.93057732144,-570.524654740644,-2713.30027204083
6412.16308110806,-140.806962320499,-2583.99895414825
6462.57463410336,289.521724622093,-2443.48621496528
6484.95231352101,718.594565437507,-2292.37390167624
6479.20490106657,1144.55094220677,-2131.31959049957
6445.36317749514,1565.54452589035,-1961.02369613219
6383.57968766771,1979.75126711069,-1782.22640024241
6294.12797888223,2385.37727720735,-1595.70441291599
6177.40131751402,2780.66656591017,-1402.26758158889
6033.91089120665,3163.90860281274,-1202.7553625587
5864.28350600026,3533.44567079742,-998.033170653471
5669.25878986263,3887.67998065081,-788.988623050998
5449.68591609361,4225.08051730858,-576.527693586564
5206.51986199385,4544.18958948106,-361.570794155663