1986.2,6388.3,-1237.2
1686.10077085012,6397.73154873638,-1583.91649032471
1378.3203269163,6378.01743025586,-1923.41721839159
1064.25993616758,6329.243421734,-2254.15432175562
745.349726156874,6251.62687520845,-2574.61913255855
423.042312628823,6145.51583548302,-2883.34894604286
98.8063206953593,6011.38758758845,-3178.93359900557
-225.880175021761,5849.84663790455,-3460.02183039352
-549.536264379409,5661.62213516844,-3725.32739683002
-870.68484249333,5447.5647397385,-3973.63491654021
-1187.85924960889,5208.64295165023,-4203.80541591586
-1499.60988207735,4945.93891018213,-4414.78155383279
-1804.51074624861,4660.64367984835,-4605.59249980521
-2101.16592697697,4354.05203994309,-4775.35844314039
-2388.21594242889,4027.55679696058,-4923.29471145211
-2664.343956959,3682.64264142394,-5048.71547818941
-2928.28182403011,3320.87957282841,-5151.03704026449
-3178.81593145714,2943.91591857413,-5229.78064839814
-3414.79282171931,2553.47097484644,-5284.57487446993
-3635.12456062302,2151.32729950978,-5315.15750192661
-3838.79382834145,1739.32268902307,-5321.37692721258
-4024.85870768423,1319.34187332403,-5303.19306218891
-4192.45714545252,893.307964430522,-5260.67772963435
-4340.81106388541,463.173696179331,-5194.01454614643
-4469.23010048561,30.9124941015489,-5103.4982890848
-4577.11495596682,-401.490584189498,-4989.53374660766
-4663.96033165157,-832.047996477499,-4852.63405233906
-4729.35743939003,-1258.77890863849,-4693.41850875202
-4772.99606894827,-1679.71838905954,-4512.60990594976
-4794.66619982904,-2092.9265606753,-4311.03134515642
-4794.25914662811,-2496.49766613544,-4089.60257887294
-4771.76822928516,-2888.56900149074,-3849.33588228967
-4727.28896194752,-3267.32967389706,-3591.3314731715
-4661.01875661514,-3631.02913924812,-3316.77249999497
-4573.25614025973,-3977.98547630519,-3026.91962062925
-4464.39948669322,-4306.59335484209,-2723.10519627246
-4334.94526707897,-4615.33165655929,-2406.7271276578
-4185.48582563056,-4902.77070899778,-2079.24236275299
-4016.70668966982,-5167.5790945037,-1742.1601071698
-3829.38342585008,-5408.52999829666,-1397.03477040215
-3624.37805692223,-5624.50706201435,-1045.45868266855
-3402.63505593311,-5814.50971164264,-689.054618604082
-3165.17693718345,-5977.65793149321,-329.468165314698
-2913.09946558537,-6113.19645887094,31.6400266928241
-2647.56650826655,-6220.49837721392,392.60207039983
-2369.80455431579,-6299.06808880579,751.750707163556
-2081.09693045658,-6348.54365160151,1107.42716951482
-1782.77774214936,-6368.69846825758,1457.98900176938
-1476.22557114426,-6359.44231908557,1801.81779861201
-1162.85696182039,-6320.8217343231,2137.32682232881
-844.11972975025,-6253.01970480893,2462.96846013001
-521.486126815626,-6156.35473383165,2777.241484012
-196.44589784266,-6031.2792365603,3078.69807686902
129.500735839319,-5878.37729703679,3365.95059002418
454.850130323857,-5698.36179618204,3637.67799903699
778.102274975961,-5492.07092761857,3892.63202651294
1097.76781490114,-5260.46412131233,4129.64290268871
1412.3750052007,-5004.61739807325,4347.62473676159
1720.47656286917,-4725.7181807915,4545.58047427129
2020.65638305545,-4425.05959093502,4722.60641827705
2311.5360874933,-4104.03426123541,4877.89629462219
2591.78137412229,-3764.12769769314,5010.74484416795
2860.10813833349,-3406.91122595983,5120.55092754207
3115.28833779134,-3034.03455887424,5206.82013061522
3356.15557446696,-2647.21802334892,5269.16686161257
3581.6103692641,-2248.2444860317,5307.31593342685
3790.62510649641,-1838.95101809688,5321.10362734542
3982.24862740751,-1421.2203402277,5310.47823699107
4155.61045391433,-996.972089331911,5275.50009380232
4309.92462580307,-568.153948747667,5216.3410778294
4444.49313665979,-136.732683739215,5133.28361998119
4558.70895590419,295.314876124501,5026.71920411985
4652.05862636892,726.010866496465,4897.14637955211
4724.1244289317,1153.38538903799,4745.16829650549
4774.58610774887,1575.48544356031,4571.48977909585
4803.22215164573,1990.38375250492,4376.91395209021
4809.91062918503,2396.18743978191,4162.33843943903
4794.62957685024,2791.04652714581,3928.7511540973
4757.45694164074,3173.16221255243,3677.22570007846
4698.57008117732,3540.79489632095,3408.9164089799
4618.2448261527,3892.27192237881,3125.0530343988
4516.85411163421,4225.99500339968,2826.93512872153
4394.86618532475,4540.44730025926,2515.92612770566
4252.84240243347,4834.20012785597,2193.44716914404
4091.43461826128,5105.91926109428,1860.97067259656
3911.38219101934,5354.37081652903,1520.01370785209
3713.5086087259,5578.42668697272,1172.13118030627
3498.7177553024,5777.06950816386,818.908861908897
3267.98983219165,5949.39713843715,461.956296694099
3022.37695297875,6094.62663418082,102.899610213926
2762.99842957991,6212.09770575293,-256.62574760256
2491.03576960093,6301.27564042224,-614.982296499405
2207.72740544937,6361.75368081586,-970.537827119702
1914.36317671164,6393.25484929356,-1321.67267967918
1612.27858818244,6395.63321062646,-1666.78697043436
1302.84886675786,6368.87456733696,-2004.30773643786
987.482841179308,6313.09658405931,-2332.69596928714
667.616669329512,6228.5483393064,-2650.45350886914
344.707438455017,6115.60930507988,-2956.12976846121
20.2266642916768,5974.78775683671,-3248.32826299912
-304.346284375921,5806.71861842796,-3525.71291284406
-627.530808707677,5612.16074875135,-3787.0140959949
-947.851722920526,5391.99367901002,-4031.03442239161
-1263.84588974416,5147.21381163873,-4256.65420475353
-1574.06882017449,4878.93009414913,-4462.83660128846
-1877.10120930477,4588.35918334067,-4648.63240661189
-2171.5553799132,4276.82011753996,-4813.18446831398
-2456.08160551157,3945.72851672227,-4955.73170784077
-2729.37428465762,3596.59033257935,-5075.61272567783
-2990.17793856673,3230.99517277105,-5172.2689722803
-3237.2930044177,2850.60922572537,-5245.24746776571
-3469.58139718888,2457.16781449549,-5294.20305506312
-3685.971813503,2052.46761017716,-5318.90017303483
-3885.46475167304,1638.3585374018,-5319.21413800096
-4067.13722304262,1216.7354062807,-5295.13192414152
-4230.14713073545,789.529306974355,-5246.75243539742
-4373.73729311861,358.698804697773,-5174.28626374252
-4497.23909060523,-73.7790254895514,-5078.05493104428
-4600.07571590928,-505.917683416271,-4958.48961415906
-4681.76500948963,-935.730406167058,-4816.12935541067
-4741.92186369519,-1361.23936521015,-4651.61876316235
-4780.26018103548,-1780.48485462432,-4465.70520979781
-4796.59437404606,-2191.53442620493,-4259.23553706195
-4790.84039638764,-2592.49192690824,-4033.15228135596
-4763.01629709963,-2981.50639402368,-3788.48943421703
-4713.24229231168,-3356.78076365196,-3526.36775582128
-4641.74035118613,-3716.58034852846,-3247.98966190699
-4548.83329540482,-4059.24104196654,-2954.63370700334
-4434.94341410431,-4383.17720571829,-2647.64868923905
-4300.5905987989,-4686.88920081917,-2328.44740430909
-4146.39000546278,-4968.97052209543,-1998.50007829113
-3973.04925359417,-5228.11449881181,-1659.32751103555
-3781.36517468673,-5463.12052607263,-1312.49396364617
-3572.22012510309,-5672.89979393387,-959.59982520915
-3346.57788083923,-5856.48048378067,-602.274095344452
-3105.47913407501,-6013.01240433865,-242.166720352097
-2850.03661369824,-6141.77104270305,119.059178316336
-2581.42985415963,-6242.16100895765,479.735143807228
-2300.89963902478,-6313.7188563057,838.195251928689
-2009.74214744332,-6356.11526210328,1192.7839674117
-1709.30283342044,-6369.15655875852,1541.86394831226
-1400.97006925148,-6352.78560710133,1883.82375881284
-1086.16858573904,-6307.08200851067,2217.08545126502
-766.352742874268,-6232.26165577999,2540.11197912846
-442.999665472464,-6128.67562637456,2851.41440355248
-117.60227886973,-5996.8084253618,3149.55885763065
208.337719855192,-5837.27558884423,3433.17323389509
533.316919527771,-5650.82066216966,3700.95356234169
855.837245872664,-5438.31157051045,3951.67004819126
1174.4129706492,-5200.7364025654,4184.17274067856
1487.57764424058,-4939.19863112878,4397.39680639209
1793.89091774331,-4654.91179706519,4590.3673830515
2091.94522153164,-4349.19368581105,4762.20399208005
2380.37226836776,-4023.4600278965,4912.12449087593
2657.84935042028,-3679.21775709602,5039.44854831466
2923.10540097099,-3318.05786171281,5143.6006296659
3174.92679316982,-2941.64786612512,5224.11247979551
3412.16284986414,-2551.72398114094,5280.62509619627
3633.73104035702,-2150.08296279737,5312.89018606848
3838.6218417951,-1738.5737201786,5320.77110428609
4025.90324486104,-1319.08871344363,5304.24327166914
4194.72488544695,-893.555183669514,5263.39407548784
4344.32178602325,-463.926256317899,5198.42225655426
4474.0176924997,-32.1719600706276,5109.63678959307
4583.2279944424,399.729797432136,4997.45526581962
4671.46221859342,829.802255866753,4862.40178877789
4738.32608769596,1256.07879003066,4705.1043965024
4783.52313866282,1676.61181947365,4526.29202495655
4806.85589612366,2089.48160117895,4326.79102946666
4808.22659934022,2492.80486758299,4107.52128251087
4787.63748238157,2884.7432734035,3869.49186774146
4745.19060929867,3263.51161605544,3613.79639150409
4681.087267822,3627.38579581456,3341.60793439297
4595.626926828,3974.71048337435,3054.17366652704
4489.20576447422,4303.90646399175,2752.80915126647
4362.31477549245,4613.47762902533,2438.89236301702
4215.53746764115,4902.01758735691,2113.8574455672
4049.54715878219,5168.21587086702,1779.18823814902
3865.10388741674,5410.86370992688,1436.41159699134
3663.05095084624,5628.85935662401,1087.09054068871
3444.31108637048,5821.21293527213,732.817248123555
3209.88231213965,5987.05080158038,375.205938051054
2960.83344539884,6125.61939373308,15.8856597062253
2698.29931695291,6236.28856050041,-343.506975991431
2423.47570169324,6318.55435341078,-701.335094952277
2137.6139860001,6372.04127193336,-1055.96885841033
1842.01559374936,6396.50395256253,-1405.79273167908
1538.0261935127,6391.828294659,-1749.21269354801
1227.02971035878,6358.03201788652,-2084.66335685285
910.442166416714,6295.26464809192,-2410.61497099524
589.705375073202,6203.80693050795,-2725.58027749101
266.280514328585,6084.06967121649,-3028.12119000959
-58.3583945737275,5936.5920098909,-3316.85527083556
-382.731076588594,5762.0391289461,-3590.4619762226
-705.357633260617,5561.19940635631,-3847.68864374785
-1024.76518654337,5334.98102155527,-4087.35619549758
-1339.49450819537,5084.40802601021,-4308.36453173249
-1648.10660666173,4810.61589224808,-4509.6975906054
-1949.18924317942,4514.84655732357,-4690.42805052
-2241.36334879572,4198.44297891042,-4849.72165286461
-2523.28931400188,3862.84322442049,-4986.84112408609
-2793.67312284429,3509.57411572994,-5101.14967744204
-3051.2723036188,3140.24445427255,-5192.11407624091
-3294.90166863024,2756.53785339969,-5259.3072419788
-3523.43881601716,2360.20520697512,-5302.41039250463
-3735.82936725615,1953.05682523586,-5321.21469717322
-3931.0919147597,1536.95427086807,-5315.62243790698
-4108.32265488502,1113.8019301359,-5285.64766714824
-4266.69968275058,685.538355628687,-5231.41635585964
-4405.48692646305,254.127418840033,-5153.16602700406
-4524.03769973245,-178.450687745983,-5051.24487230124
-4621.79785336414,-610.208558053932,-4926.11035250753
-4698.30850778305,-1039.16074716205,-4778.32728398137
-4753.20835055117,-1463.33297030448,-4608.56541687241
-4786.23548478632,-1880.77128231733,-4417.59651288453
-4797.22881646486,-2289.55119320357,-4206.29093320468
-4786.12897079027,-2687.78667524279,-3975.61374982839
-4752.97873011521,-3073.63901704744,-3726.62039615103
-4697.92298831178,-3445.32548023796,-3460.45187528433
-4621.20821897086,-3801.12771492627,-3178.32954710512
-4523.18145736745,-4139.39989100235,-2881.54951751061
-4404.28879873148,-4458.57650330217,-2571.47665572388
-4265.07341799572,-4757.17981010068,-2249.53826774118
-4106.17311884402,-5033.8268659925,-1917.21745614392
-3928.31742250485,-5287.23611216161,-1576.04619842117
-3732.32420935048,-5516.23348917671,-1227.59817775525
-3519.09592890267,-5719.75803988653,-873.481401780462
-3289.61539632732,-5896.86697262752,-515.330646204416
-3044.94119587791,-6046.74015782562,-154.79976131658
-2786.20271401335,-6168.68403413185,206.44611968729
-2514.59482704746,-6262.13490346161,566.738430978345
-2231.3722701611,-6326.66159768797,924.413042983687
-1937.84371641702,-6361.96750323632,1277.8181097652
-1635.36559603866,-6367.89193341926,1625.32185488321
-1325.33568763477,-6344.41084200507,1965.3202561246
-1009.18651427415,-6291.63687520066,2296.24459010214
-688.378578293926,-6209.81876292054,2616.56879863852
-364.393469520915,-6099.34005388054,2924.81663995034
-38.7268821025932,-5960.71720266185,3219.56858903357
287.118424521461,-5794.59702042092,3499.46845320435
611.639684906586,-5601.75350433422,3763.22967053812
933.341171681479,-5383.08406415048,4009.64126090029
1250.74118931839,-5139.60516734363,4237.57340138854
1562.37898306648,-4872.44742730602,4445.98260026997
1866.821529304,-4582.85016176338,4633.91644589006
2162.67017452575,-4272.15545113404,4800.51790951541
2448.56709134725,-3941.80172884821,4945.02918365349
2723.20152120631,-3593.3169377263,5066.79504001227
2985.31577491515,-3228.3112883361,5165.26569393492
3233.71096381593,-2848.46965682273,5239.9991648281
3467.25243600786,-2455.54366103165,5290.66312477981
3684.87489392011,-2051.34345483896,5317.03623021817
3885.58717142417,-1637.72928140339,5319.00893408473
4068.47665062802,-1216.60282667066,5296.58377855121
4232.71330051962,-789.898414806903,5249.87517080298
4377.55332168332,-359.574087357502,5179.10864681848
4502.34238337727,72.3973921371091,5084.61963038733
4606.51844134633,504.037566640224,4966.85169681921
4689.61412681355,933.371306269859,4826.35435289422
4751.25869914955,1358.4357807967,4663.78034658631
4791.17955674403,1777.28934449394,4479.88252195197
4809.20330259241,2188.02029481236,4275.51023631004
4805.25636305148,2588.7554674352,4051.6053584551
4779.36516010928,2977.66863150554,3809.19786812202
4731.65583934521,3352.98865011407,3549.40107829315
4662.35355752722,3713.0073725707,3273.40650316985
4571.78133549869,4056.08722646865,2982.4783957576
4460.3584836442,4380.66847912668,2677.94798001345
4328.59860879721,4685.27613960879,2361.20740341217
4177.10721295193,4968.52647421681,2033.70343656544
4006.57889557766,5229.13311006588,1696.93094722321
3817.79417270437,5465.91270311214,1352.42617658404
3611.61592724778,5677.79014880308,1001.75984633304
3388.98550628809,5863.80331533192,646.530125253012
3150.91848218877,6023.10728133216,288.35548457298
2898.5000955708,6154.9780617045,-71.1325285131629
2632.88039921429,6258.81580716377,-430.29656956029
2355.26912297276,6334.1474649953,-787.500798108429
2066.93028073834,6380.62889043901,-1141.11817170399
1769.17654139966,6398.04640006571,-1489.53770300467
1463.36338658563,6386.31776047804,-1831.17165037614
1150.88307878837,6345.49260765954,-2164.46261256753
833.158464202226,6275.75229430827,-2487.89049830857
511.63663531855,6177.40916453088,-2799.97934198859
187.782478941942,6050.90525733476,-3099.30393699326
-136.927864112826,5896.8104424471,-3384.4962587448
-461.013600876001,5715.8199941009,-3654.25165006925
-782.995922400553,5508.75161056906,-3907.33474216014
-1101.40464665662,5276.54188938493,-4142.58508516119
-1414.78484022451,5020.24227036935,-4358.92246322936
-1721.70339064419,4741.01446077819,-4555.35186988631
-2020.75550114576,4440.12535908415,-4730.96812051859
-2310.5710794312,4118.94149612393,-4884.96008003942
-2589.82099225281,3778.92301452958,-5016.6144850083
-2857.2231576852,3421.61720956732,-5125.31934088376
-3111.54844728912,3048.65165665002,-5210.56687660134
-3351.6263707521,2661.72695294103,-5271.95604028661
-3576.35051614495,2262.60910252008,-5309.19452166797
-3784.68371959405,1853.12157660621,-5322.10028861441
-3975.66293898101,1435.13708226517,-5310.6026272052
-4148.40380724277,1010.56907485272,-5274.74267683146
-4302.10484193748,581.363051189802,-5214.67345402804
-4436.05128900695,149.487662031749,-5130.65936103178
-4549.61858005994,-283.07431614453,-5023.07517744846
-4642.27538405633,-714.335108739193,-4892.40453587828
-4713.58623597155,-1142.31112762686,-4739.2378848808
-4763.21372686091,-1565.03216946818,-4564.26994524634
-4790.92024172217,-1980.55058377702,-4368.2966681618
-4796.56923366059,-2386.95036633779,-4152.21170650009
-4780.12602508607,-2782.35613336001,-3917.00241310938
-4741.65812900506,-3164.94193182893,-3663.74538259369
-4681.33508589547,-3532.9398418095,-3393.60155567387
-4599.42781415938,-3884.64832706918,-3107.81090773798
-4496.3074747149,-4218.44029125383,-2807.68674563518
-4372.44385290449,-4532.77079798936,-2494.60963912126
-4228.40326352982,-4826.18441473081,-2170.02101556738
-4064.8459874723,-5097.32214186405,-1835.4164486361
-3882.52325098509,-5344.92789054489,-1492.33867353537
-3682.27376133112,-5567.85447499372,-1142.37036318357
-3465.0198149823,-5765.0690874262,-787.126701162871
-3231.76299704138,-5935.65822651595,-428.247788635401
-2983.57949291032,-6078.83205318825,-67.3909234955487
-2721.61503545767,-6193.92815065379,293.777209134018
-2447.07951303417,-6280.41466885773,653.588395357392
-2161.24126562333,-6337.89283692966,1010.38075986838
-1865.42109817395,-6366.09883074443,1362.50660210445
-1560.98604174168,-6364.90498631147,1708.34016125145
-1249.34289443578,-6334.32035337713,2046.28527060905
-931.931575326182,-6274.49058731384,2374.78286252698
-610.218325423219,-6185.69718105983,2692.31828605361
-285.688790536082,-6068.35604252511,2997.42840064816
40.1589786749062,-5923.01542647441,3288.70841069694
365.821573893824,-5750.35323339748,3564.81840721319
689.797287997893,-5551.17369126534,3824.48958491416
1010.59315016403,-5326.40343931426,4066.53010487129
1326.73190225027,-5077.08703608228,4289.8305750871
1636.75888209883,-4804.38191681728,4493.36912365346
1939.24878022524,-4509.55282807809,4676.21604155628
2232.81223738576,-4193.96576981906,4837.53797471351
2516.1022516922,-3859.08147751074,4976.60164741085
2787.82036530716,-3506.44847885128,5092.77710194854
3046.72260224994,-3137.69576138751,5185.54044198241
3291.6251304576,-2754.5250889013,5254.47606972095
3521.40962301252,-2358.70300565062,5299.2784098267
3735.0282952627,-1952.05256860097,5319.75311550862
3931.50859649013,-1536.44484854064,5315.81775490262
4109.95753676147,-1113.79024150615,5287.50197838156
4269.56563162289,-686.029632243024,5234.9471699069
4409.61044935667,-255.125451510837,5158.40558792047
4529.45974759628,176.947331098529,5058.23900356383
4628.57418817521,608.210237496137,4934.91684619484
4706.50962115141,1036.69029376308,4789.0138682432
4762.91893100039,1460.42898502796,4621.2073433974
4797.55343998605,1877.49111328116,4432.27381394617
4810.2638656959,2285.97351984475,4223.0854048048
4801.00083165833,2684.01363535356,3994.60572333185
4769.81493183415,3069.79782132526,3747.88536550644
4716.85635159397,3441.56946876546,3484.05705035742
4642.37404954639,3797.63682067251,3204.3304057549
4546.71450627145,4136.38048683157,2909.98642976231
4430.32004763823,4456.26062085848,2602.37165273605
4293.72675193226,4755.82373112165,2282.89202620703
4137.56195151764,5033.70909881783,1953.00656538238
3962.54134116237,5288.65477825907,1614.22077272832
3769.46570651909,5519.50315616249,1268.07987069688
3559.21728753721,5725.20604854942,916.161872127168
3332.75579280693,5904.82931568592,560.07051724575
3091.11408200376,6057.5569773429,201.428106509475
2835.3935347076,6182.69481252851,-158.131741234289
2566.75912491783,6279.67342973809,-516.971375638811
2286.43422158706,6348.05079567512,-873.456417075306
1995.69513643405,6387.51421233111,-1225.9630444421
1695.86544118776,6397.88173426317,-1572.88523888557
1388.3100772567,6379.10301988107,-1912.64195387422
1074.42928159595,6331.25961255231,-2243.68418227476
755.652353293667,6254.56464935311,-2564.50189133199
433.431286060468,6149.36199733705,-2873.63079682015
109.234292447996,6016.12481926346,-3169.65894803543
-215.460753821735,5855.45357282269,-3451.23309581414
-539.17293052918,5668.07344951401,-3717.06481634629
-860.424907305821,5454.83126147724,-3965.93636422826
-1177.74958596772,5216.69178674386,-4196.70622896924
-1489.69671285718,4954.73358555552,-4408.3143700351
-1794.83943500792,4670.14430259644,-4599.78710648078
-2091.78077183387,4364.21547219248,-4770.24163829893
-2379.1599740276,4038.33684573167,-4918.89017780236
-2655.65874143124,3693.99026276821,-5045.04367065354
-2920.00727184844,3332.74308944425,-5148.11508757825
-3170.99011306225,2956.24125003951,-5227.62226932874
-3407.45179078998,2566.20187953659,-5283.19030912998
-3628.30218583624,2164.40562720288,-5314.55345860308
-3832.52163444401,1752.68864313662,-5321.55654506643
-4019.16572666887,1332.93428166275,-5304.15589011533
-4187.36977859723,907.064557270654,-5262.41972150351
-4336.35295537497,477.031390462502,-5196.52807257159
-4465.42202329093,44.8076824635105,-5106.77216578853
-4573.97471060884,-387.621740872426,-4993.55327937848
-4661.50265842296,-818.269274377796,-4857.38109848978
-4727.59394455006,-1245.15372548687,-4698.87155490839
-4771.93516534355,-1666.30950928159,-4518.74416191423
-4794.31306232622,-2079.79580257966,-4317.81885350669
-4794.61568267406,-2483.70561258475,-4097.01233987059
-4772.83306483598,-2876.17471548875,-3857.3339935888
-4729.05744293042,-3255.39042051496,-3599.88128373505
-4663.48296600754,-3619.60011529823,-3325.83477754346
-4576.40493078739,-3967.11954914362,-3036.45273186783
-4468.21852906638,-4296.3408116456,-2733.06529906729
-4339.4171135997,-4605.73996538191,-2417.06837425725
-4190.58998892067,-4893.88429285552,-2089.91711308473
-4022.41973618374,-5159.43911967685,-1753.11915118064
-3835.67908375289,-5401.17417797012,-1408.22755834948
-3631.22733783215,-5617.96947629695,-1056.83356222329
-3410.00638994701,-5808.82064492312,-700.559077579292
-3173.0363205288,-5972.84372799683,-341.049078799381
-2921.41062016811,-6109.27939718382,20.036146046055
-2656.2910523167,-6217.49656443758,381.028820204495
-2378.90218326849,-6296.99537489615,740.261542531256
-2090.52560714908,-6347.40956433409,1096.07515097776
-1792.49389536124,-6368.50816914539,1446.82654517937
-1486.18430146394,-6360.19658045862,1790.89642828768
-1173.01225377818,-6322.51693766002,2126.69692870674
-854.424669135794,-6255.647860293,2452.67906313632
-531.893122057408,-6159.90352098492,2767.34000335144
-206.906904324609,-6035.73206569427,3069.23011036898
119.033989666568,-5883.71339114495,3356.95970112848
444.425916182129,-5704.55629278885,3629.20551448714
767.768638487566,-5499.09499999482,3884.71684518929
1087.57235093277,-5268.28511836692,4122.32131651647
1402.3646359341,-5013.19900213486,4340.93026451556
1710.69731967915,-4735.02058240968,4539.54370903232
2011.15319325414,-4435.03967974099,4717.25488922009
2302.35256694907,-4114.64583184043,4873.25434372383
2582.95962673412,-3775.32166952239,5006.83351834656
2851.68856328167,-3418.63587587405,5117.38788664994
3107.3094454433,-3046.23576537087,5204.4195716215
3348.65381175945,-2659.83952109314,5267.53945922745
3574.61995531807,-2261.22812944387,5306.46879733042
3784.17787917073,-1852.2370526802,5321.04027610447
3976.37390142668,-1434.74768031237,5311.19858866168
4150.33489114456,-1010.67860089368,5277.00047313734
4305.27211818071,-581.976735963773,5218.61423993232
4440.48470221509,-150.608377936338,5136.31879017378
4555.36264825267,281.449826459543,5030.50213371973
4649.3894579773,712.21990595854,4901.65941718924
4722.14430839943,1139.73156709377,4750.39047454254
4773.3037912806,1562.03112915274,4577.39691465885
4802.6432088274,1977.19035271298,4383.47876215816
4810.03742311264,2383.31512373794,4169.53066939018
4795.46125860007,2778.55395636808,3936.53771906529
4758.98945901146,3161.10627882232,3685.57083842096
4700.79620157682,3529.23046817454,3417.78184712915
4621.15417344824,3881.25160124155,3134.39816232445
4520.43321673113,4215.56889034339,2836.71718520236
4399.09855019021,4530.66277430122,2526.10039458395
4257.70857723116,4825.10163667612,2203.96717370273
4096.91229121808,5097.5481249842,1871.78839718228
3917.44629060225,5346.76504632943,1531.07980584984
3720.13141766343,5571.62081670301,1183.39519755038
3505.86903594483,5771.09444298726,830.319462602512
3275.63696267014,5944.2800185418,473.461492904779
3030.48507358273,6090.39071510324,114.446993996336
2771.53059874057,6208.76225560585,-245.088770406467
2499.95312883606,6298.85585442848,-603.50827173656
2216.98935259336,6360.26061348833,-959.179018034142
1923.92754672679,6392.69536453855,-1310.48083380521
1622.1018408182,6396.00994998468,-1655.81308862682
1312.8862803005,6370.18593651225,-1993.60184498357
997.68871151253,6315.33675782089,-2322.3068960317
677.944513497324,6231.70728478426,-2640.42866429052
355.110201907508,6119.67282340788,-2946.5149325973
30.6569309666005,5979.73754302945,-3239.16737913133
-293.936079993704,5812.53233931063,-3517.04788881436
-617.188168424045,5618.81213869274,-3778.8846140154
-937.623871454376,5399.45265313895,-4023.4777581815
-1253.77956202875,5155.44659615618,-4249.70505680921
-1564.21005024547,4887.89937327387,-4456.52693106673
-1867.49512167834,4598.02426236162,-4642.99129036618
-2162.24598437,4287.13710136882,-4808.23796129349
-2447.11159618846,3956.65050327961,-4951.50272151419
-2720.78484435204,3608.06762027005,-5072.12091860411
-2982.00854915033,3242.97548123269,-5169.5306551997
-3229.58126423309,2863.03792897753,-5243.27552342841
-3462.36284629697,2469.98818553767,-5293.00687326132
-3679.2797676224,2065.62107602347,-5318.48560124186
-3879.3301456254,1651.78494348099,-5319.58344795722
-4061.58846448802,1230.37328907161,-5296.28379466097
-4225.20996495115,803.31617368012,-5248.68195159676
-4369.4346795257,372.571418730134,-5176.9849328221
-4493.59109171042,-59.8843545089812,-5081.51071467244
-4597.09939927473,-492.06480646035,-4962.68697743288
-4679.4743632907,-921.983039775582,-4821.04933228475
-4740.32772636694,-1347.66079602122,-4657.23903815383
-4779.37018544473,-1767.13764487695,-4472.00021569168
-4796.41290655826,-2178.48012163699,-4266.17656825705
-4791.36857112667,-2579.79076848826,-4040.70762240351
-4764.25194562319,-2969.21703493952,-3796.62450302571
-4715.1799688475,-3344.95999298436,-3535.04526091258
-4644.37135349346,-3705.28282300771,-3257.16977302837
-4552.14570124262,-4048.5190271891,-2964.27423832438
-4438.92213320585,-4373.08032815412,-2657.70529428767
-4305.21744016376,-4677.46421190957,-2338.87378172122
-4151.64375969605,-4960.26107567182,-2009.24818739244
-3978.90578993707,-5220.1609430089,-1670.34779620795
-3787.79755229897,-5455.95971083904,-1323.73558637464
-3579.19871807473,-5666.5648951633,-971.010902654434
-3354.07051633551,-5851.00084499508,-613.801944252505
-3113.4512429355,-6008.41339676893,-253.758105065272
-2858.45139274657,-6138.07394450594,107.457794997702
-2590.24843940655,-6239.38290420807,468.177348192535
-2310.08128889027,-6311.8725542904,826.734426717447
-2019.24443506286,-6355.20923733056,1181.47303997739
-1719.08184705372,-6369.1949119818,1530.75514127024
-1410.98061976197,-6353.76804753734,1872.96834414525
-1096.36442008547,-6309.00385731396,2206.53350924171
-776.68676250999,-6235.11387071673,2529.91216324928
-453.42414854247,-6132.44484752225,2841.61371267956
-128.069105066019,-6001.477041545,3140.20241644857
197.876842920827,-5842.82182440437,3424.30408277752
522.910229576806,-5657.21868355819,3692.612457646
845.532699976322,-5445.53161209023,3943.89527393889
1164.2580211306,-5208.74491090716,4176.99993250819
1477.61901756862,-4947.95842699423,4390.85878860158
1784.17439749401,-4664.38225418361,4584.49401946407
2082.51543646012,-4359.33092547756,4757.02205138976
2371.2724866002,-4034.21712834364,4907.6575270473
2649.12128072514,-3690.54497653163,5035.71679652207
2914.78900202868,-3329.9028738522,5140.62091817718
3167.06009169562,-2953.95600701106,5221.89815811215
3404.78176839924,-2564.43850598456,5279.18597968385
3626.86923546927,-2163.145311558,5312.23251721952
3832.31055337711,-1751.92379056649,5320.89753067742
4020.17115714765,-1332.66514001425,5305.15284059271
4189.59800030759,-907.295621672443,5265.08224515523
4339.8233090225,-477.76766895145,5200.88092369785
4470.16793214751,-46.0509078098918,5112.85433321397
4580.04427499309,385.876866766337,5001.41660676161
4668.95880668325,816.038717605913,4867.08846474102
4736.51413304485,1242.46755501491,4710.49465204601
4782.41062900006,1663.21504952531,4532.36091598422
4806.44762643468,2076.36042892615,4333.5105416288
4808.52415546874,2480.01912182134,4114.86046291323
4788.63923896204,2872.35121115696,3877.4169692955
4746.89174193459,3251.56966243905,3622.27102921933
4683.47977937014,3615.94829276743,3350.59325286701
4598.69968759376,3963.82944827755,3063.62851785602
4492.94456607256,4293.63135913202,2762.69028257041
4366.70239807477,4603.85514282694,2449.15461273405
4220.5537601485,4893.09142822364,2124.45394766905
4055.16913183104,5160.02657444924,1790.07063338346
3871.30581838553,5403.44846055302,1447.53025025535
3669.80450068802,5622.25182358414,1098.39476361561
3451.58542763847,5815.44312458175,744.25552595603
3217.64426767213,5982.14492379563,386.726159857423
2969.04763707895,6121.59974832381,27.4353509973889
2706.92832392065,6233.17343723129,-331.980419199528
2432.48022735839,6316.3579511161,-689.884171583056
2146.95303317241,6370.77363501096,-1044.64572823412
1851.64664717444,6396.17092544871,-1394.64898263712
1547.9054090756,6392.43149448324,-1738.29911144154
1237.11211019275,6359.56882544075,-2074.02969833912
920.681839125077,6297.72821718384,-2400.30974082979
600.055680262613,6207.18621570324,-2715.65051093142
276.694290616766,6088.3494739064,-3018.61224129846
-47.9286189172979,5941.75304255691,-3307.81060865018
-372.332871235911,5768.0580974231,-3581.92298696924
-695.038452529132,5568.049109828,-3839.69444355281
-1014.57215609964,5342.63046994585,-4079.9434517228
-1329.47421265832,5092.82257436543,-4301.5672948171
-1638.3048790082,4819.75739163079,-4503.54713700064
-1939.65095686484,4524.6735216729,-4684.95273745483
-2232.13221349509,4208.91076725018,-4844.94678563579
-2514.40767588183,3873.90423772379,-4982.7888365298
-2785.18177026566,3521.17800768134,-5097.83882619556
-3043.21027915537,3152.33835510628,-5189.56014935221
-3287.30608829112,2769.06660590245,-5257.52228237544
-3516.3446965195,2373.11161370675,-5301.40293676686
-3729.26946219023,1966.2819059321,-5320.98973000296
-3925.09656045372,1550.43752893946,-5316.18136261649
-4102.91962674684,1127.48162711399,-5286.98829242446
-4261.91406282405,699.351792365214,-5233.53289898956
-4401.34098290031,268.011222202326,-5156.04913367132
-4520.55077883378,-164.560273977604,-5054.88165298706
-4618.98628478646,-596.375379421131,-4930.4844354493
-4696.18552346319,-1025.44844326562,-4783.41888456064
-4751.78401782962,-1449.80467944098,-4614.35142321983
-4785.516654152,-1867.48934742906,-4424.05058740648
-4797.21908427396,-2276.57687057514,-4213.38362964839
-4786.82865723841,-2675.17984737,-3983.31264542306
-4754.38487266803,-3061.45791111684,-3734.89023827049
-4700.02935071903,-3433.62639362796,-3469.25474200154
-4624.00531590912,-3789.96474912812,-3187.62502092382
-4526.65659467348,-4128.82469532471,-2891.29487148446
-4408.42612910202,-4448.6380296927,-2581.62705109166
-4269.85401195041,-4747.92408035031,-2260.04696215348
-4111.57505065467,-5025.29675255878,-1928.03602146689
-3934.31587071795,-5279.47113375809,-1587.12474706436
-3738.89157144169,-5509.26962221547,-1238.88559640355
-3526.20194952595,-5713.62754677214,-884.925591371971
-3297.22730853701,-5891.59824781973,-526.878766944405
-3053.02387463282,-6042.35759248603,-166.398481494765
-2794.71884119968,-6165.20790007148,194.850372337224
-2523.50506718877,-6259.58125700147,555.199216658883
-2240.63545592615,-6325.04220393184,912.983657238485
-1947.41704297844,-6361.28978114231,1266.5513321986
-1645.20482328804,-6368.15892193982,1614.26970047359
-1335.3953492178,-6345.62118744742,1954.53373039439
-1019.42013236787,-6293.78483984046,2285.77344938914
-698.738883031598,-6212.89425478406,2606.46131666803
-374.832621934558,-6103.32867749241,2915.11938188284
-49.1966994514851,-5965.60033044237,3210.32619410301
276.666242183258,-5800.35188430319,3490.72342701721
601.253328063527,-5608.35330706574,3755.02218803727
923.068495727557,-5390.49810963851,4002.0089809369
1240.62949108239,-5147.79900930903,4230.55129377013
1552.4747805927,-4881.38303541484,4439.60278608311
1857.17034595529,-4592.48610432437,4628.20805181279
2153.31632844674,-4282.44709336914,4795.50693675673
2439.5534912819,-3952.70144567571,4940.73839207109
2714.56946962309,-3604.7743399305,5063.24384787664
2977.10477933937,-3240.27346094725,5162.47009371987
3225.95855722503,-2860.88140847223,5237.97165532516
3459.99400707147,-2468.34778303158,5289.41265974178
3678.14352782698,-2064.48098867715,5316.56818365952
3879.41350196065,-1651.13979334404,5319.32508227832
4062.88872411735,-1230.22468812202,5297.68229868168
4227.73645216181,-803.669087116289,5251.75065615782
4373.21006477046,-373.430409690959,5181.75213832188
4498.65231179216,58.5189131668225,5088.01866420952
4603.49814568565,490.200466921851,4970.99036772429
4687.27712441046,919.638875024387,4831.21339292426
4749.61537820487,1344.87077357287,4669.33721861755
4790.23713471096,1763.95369958435,4486.11152760053
4808.96579889576,2174.97485430666,4282.38263761332
4805.72458616212,2576.05970410212,4059.08951269991
4780.53670893341,2965.38038263808,3817.25937515225
4733.52511883095,3341.16385944437,3558.00293958036
4664.91180833485,3701.69984130314,3282.50929189764
4575.0166775272,4045.34837443592,2992.04043713371
4464.25597315471,4370.54711702166,2687.92554099258
4333.14030882697,4675.81825318554,2371.55489099194
4182.27227665978,4959.7750213153,2044.37360377855
4012.34366212405,5221.12783123798,1707.87510594871
3824.1322752208,5458.68994658554,1363.59441626751
3618.49841241099,5671.38271045577,1013.10125769578
3396.38096497654,5858.24029429036,657.993028060079
3158.79319066075,6018.4139517483,299.887658517846
2906.81816656934,6151.17576120572,-59.5836107548457
2641.60394236998,6255.92184240941,-418.783508060879
2364.35841384446,6332.17503471164,-776.076031157421
2076.34393780175,6379.58702624241,-1129.83374197079
1778.87171026513,6397.93992532076,-1478.4450253483
1473.29593070245,6387.14726737392,-1820.32128224733
1161.00777586129,6347.25445262373,-2153.90402794965
843.429207535154,6278.43861181181,-2477.67186612078
522.006639262462,6181.0078992727,-2790.14730988076
198.204487619578,6055.40021472722,-3089.90342143185
-126.501365659864,5902.18135725626,-3375.57024228196
-450.630173983967,5722.04261702764,-3645.84098666381
-772.70296140585,5515.7978124871,-3899.47797139866
-1091.24916573389,5284.37978288374,-4135.31825619942
-1404.81326134301,5028.83634817754,-4352.27896924901
-1711.96133354726,4750.32575057435,-4549.36229382691
-2011.2875762634,4450.11159413027,-4725.6600928108
-2301.42068463569,4129.55730108462,-4880.358149027
-2581.03011436088,3790.1201057737,-5012.74000070158
-2848.832179608,3433.34460917253,-5122.19035264391
-3103.59596171711,3060.85591926531,-5208.19804530223
-3344.14900124283,2674.35240460122,-5270.35856544612
-3569.38274647472,2275.59809042261,-5308.37608398691
-3778.25773219672,1866.41472881735,-5322.06500829436
-3969.80846327811,1448.67357624857,-5311.35103835442
-4143.14797863107,1024.28691366498,-5276.27171819826
-4297.47207216759,595.199346123063,-5216.97647622864
-4432.06314863834,163.378920446829,-5133.72615036457
-4546.29369363391,-269.191899102419,-5026.89199630882
-4639.62933857529,-700.525355886434,-4896.95417970756
-4711.63150321622,-1128.6375843251,-4744.49975550103
-4761.95960001599,-1551.55780844903,-4570.22014034792
-4790.37278671471,-1967.33751162518,-4374.90808662809
-4796.73125554673,-2374.05953306337,-4159.4541691677
-4780.99704974804,-2769.84704649855,-3924.84279847448
-4743.23440034393,-3152.8723764876,-3672.1477768988
-4683.60957862603,-3521.36560807901,-3402.52741671911
-4602.39026223188,-3873.62294618877,-3117.21924168517
-4499.9444153052,-4208.01478188619,-2817.53429599536
-4376.73868583037,-4522.99342391998,-2504.85108704406
-4233.33632586349,-4817.10045526336,-2180.60919047431
-4070.39464303967,-5088.97367610972,-1846.30254818961
-3888.66199435271,-5337.35359675219,-1503.47249186175
-3688.97433580372,-5561.0894459789,-1153.70052622626
-3472.25134404871,-5759.14466308875,-798.600907987275
-3239.49212863629,-5930.60184432506,-439.813057480278
-2991.77055577781,-6074.66711743842,-78.9938413211848
-2730.23020683842,-6190.67392117904,282.190234863794
-2456.07899683035,-6278.08616978957,642.070883942799
-2170.58348013651,-6336.50078597161,998.985904979177
-1875.06287245835,-6365.64958932116,1351.2870210094
-1570.88281956597,-6365.40053083424,1697.34764695007
-1259.44894480607,-6335.75826774826,2035.57054812465
-942.200208491987,-6276.86407667494,2364.39535059095
-620.602113255528,-6188.99510666987,2682.30586538274
-296.139790152474,-6072.56297753824,2987.83718996957
29.6889991773528,-5928.11173227319,3279.58255162868
355.380908742046,-5756.31515602643,3556.19985905359
679.434067223803,-5557.97347740298,3816.41793033094
1000.35511439455,-5334.00947111997,4059.04236741507
1316.66617992148,-5085.46398415797,4282.96104938212
1626.91177018496,-4813.4909104347,4487.14921904209
1929.665529545,-4519.35164173854,4670.67413989554
2223.53684351333,-4204.40902513549,4832.69930293982
2507.17725245768,-3870.12085933544,4972.48816540427
2779.28664582766,-3518.03296450907,5089.40740614349
3038.61920837923,-3149.77186182511,5182.9296850842
3283.98909149048,-2767.03710051648,5252.63589680292
3514.2757844248,-2371.59327152365,5298.2169109971
3728.42916219978,-1965.26174783341,5319.4747952499
3925.47418866344,-1549.91219237212,5316.32351810545
4104.51525534057,-1127.45387487777,5288.78913301361
4264.74013865011,-699.826839461173,5237.00944617904
4405.42356014126,-268.992964673243,5161.23317373781
4525.93033648158,163.073042252811,5061.81859597655
4625.71810800209,594.392675628629,4939.23171849645
4704.33963667814,1022.99264517433,4794.04395229793
4761.44466647183,1446.91383336647,4626.92932671866
4796.78134098175,1864.22015697063,4438.6612509905
4810.19717532355,2273.00729444209,4230.10884189291
4801.63958109768,2671.41124201012,4002.23283656079
4771.15594517768,3057.61666248775,3756.08111096943
4718.89326487259,3429.86499220163,3492.78382595005
4645.09734377339,3786.46227286427,3213.54822380709
4550.11155428518,4125.78667672368,2919.65309970507
4434.37517447118,4446.29569490834,2612.44297297543
4298.42130838813,4746.53296052827,2293.32198436209
4142.87440058923,5025.13467976507,1963.7475460121
3968.44735687852,5280.83564594795,1625.22377165447
3775.93828476764,5512.47481334803,1279.29471501562
3566.22686837089,5719.00040924053,927.537444987578
3340.27039369798,5899.47456461038,571.55498645767
3099.09944148067,6053.07744571513,212.96915604134
2843.8132657679,6179.11087060198,-146.586677821121
2575.57487758327,6277.00139655906,-505.474880768775
2295.60585393159,6346.30286639588,-862.060854708357
2005.18089338858,6386.69840337687,-1214.72032654778
1705.6221403973,6398.00184658404,-1561.84659379265
1398.29330123664,6380.15862045711,-1901.85769744502
1084.59357541756,6333.24603425511,-2233.20349283726
765.95142699261,6257.47300920154,-2554.37258930772
443.818220957091,6153.17923311993,-2863.89912995638
119.6617505367,6020.83374443412,-3160.36938314858
-205.040318269243,5861.03294950246,-3442.42811792873
-528.807058016209,5674.49807937439,-3708.7847360927
-850.160919702718,5462.07209420039,-3958.21913434121
-1167.63437353791,5224.71604569149,-4189.58727070228
-1479.77652261943,4963.50491020582,-4401.82641027683
-1785.15966134294,4679.62290723727,-4593.96002632616
-2082.38575024256,4374.35832029109,-4765.10233379082
-2370.09277895227,4049.09783932592,-4914.46243352194
-2646.96098904414,3705.3204461555,-5041.3480467926
-2911.71892869916,3344.59086638109,-5145.16882107701
-3163.14931147617,2968.55261358035,-5225.43918961757
-3400.09465187935,2578.92065359132,-5281.78076895156
-3621.46265097388,2177.47371881654,-5313.92428033692
-3826.23130602343,1766.04630443361,-5321.71098291396
-4013.45371894417,1346.52038033917,-5305.09360843751
-4182.26257936232,920.816854460967,-5264.13678953274
-4331.87429920203,490.886824757819,-5199.01697564752
-4461.59277700633,58.7026588045068,-5110.02183319091
-4570.81277163383,-373.751058740475,-4997.54912875196
-4659.02286655498,-804.486669243201,-4862.10509677438
-4725.80800770133,-1231.52263118336,-4704.30229560748
-4770.85159969227,-1652.89271578382,-4524.85695844649
-4793.93714726819,-2066.65516310204,-4324.58584830598
-4794.94943089293,-2470.90175411982,-4104.40262880955
-4773.87520773567,-2863.7667542123,-3865.313765222
-4730.80343159648,-3243.43568348806,-3608.41397276841
-4665.9249877841,-3608.15386987037,-3334.88123185969
-4579.53194147482,-3956.23474143993,-3045.97139235652
-4472.01630065976,-4286.06781548948,-2743.01239142889
-4343.86829740679,-4596.12634295071,-2427.39811188671
-4195.67419380885,-4884.9745683288,-2100.5819100602
-4028.11362162377,-5151.27456706505,-1764.06984432882
-3841.95646724348,-5393.79262424482,-1419.41363730006
-3638.05931620473,-5611.40512087002,-1068.2034063096
-3417.3614739759,-5803.10389643037,-712.060198407509
-3180.88058218755,-5968.00105925878,-352.628367258363
-2929.70785180792,-6105.33321910949,8.43216957789931
-2665.00293696857,-6214.4651195395,369.453753729598
-2387.98847520957,-6294.89265097374,728.768849664089
-2099.94432181496,-6346.24522877068,1084.71790882554
-1802.20150763463,-6368.28752414925,1435.65719415669
-1496.13595132081,-6360.92053946091,1779.96652514143
-1183.16195823856,-6324.1820229637,2116.05690400086
-864.725539429317,-6258.24622194872,2442.37798442381
-542.297584891106,-6163.42297675168,2757.42534522191
-217.366926123679,-6040.15616182712,3059.74753251597
108.566676688854,-5889.02148363749,3347.95283553442
433.999587265805,-5710.72364859022,3620.71576276102
757.431350020846,-5506.09291761332,3876.78318703518
1077.37171572672,-5276.08106717359,4114.98013023878
1392.34760118856,-5021.75677958394,4334.21516039716
1700.90994872247,-4744.30048830707,4533.48537634205
2001.6404521143,-4444.99870660569,4711.88095753028
2293.15811676978,-4125.23787033529,4868.58925913112
2574.12562301313,-3786.49772785948,5002.8984351086
2843.25546285745,-3430.34431204473,5114.2005746627
3099.31582211265,-3058.42253099041,5201.99434007903
3341.13618133958,-2672.44841562479,5265.88709671353
3567.61261092352,-2274.20106351303,5305.59652851333
3777.7127374059,-1865.51431917325,5320.95173511726
3970.48036013161,-1448.2682319372,5311.89380916964
4145.03969927284,-1024.38033285575,5278.47589501428
4300.59925831461,-595.796772422535,5220.86273238949
4436.45528616236,-164.483360897602,5139.32969111122
4551.99482610049,267.583447147064,5034.26130499817
4646.69834091163,698.425582816599,4906.14931545397
4720.14190553314,1126.07236673406,4755.59023716642
4771.99896066848,1548.56944677322,4583.28246031151
4802.04162278157,1963.98763060784,4390.02290545331
4810.14154787017,2370.43157502635,4176.70324901029
4796.27034833353,2766.04829510567,3944.30573871561
4760.49956411428,3149.0354576173,3693.89861992127
4703.0001910984,3517.64942438671,3426.63119491038
4624.04177149908,3870.21301279188,3143.72853856302
4523.99105262446,4205.12294211608,2846.48589478881
4403.31022203976,4520.85693605568,2536.26277910439
4262.55472866927,4815.98045335587,2214.47681356543
4102.3707008606,5089.15302022643,1882.59732102408
3923.49197383679,5339.1341399428,1542.13870632012
3726.73674029826,5564.7887568148,1194.65365256221
3513.00383921305,5765.09225350678,841.726161121566
3283.26869905076,5939.13496252187,484.964464344716
3038.57895285945,6086.12617452791,125.993840272201
2780.04974368633,6205.397628069,-233.550641117566
2508.85873988043,6296.40646710618,-592.031410479946
2226.24088079793,6358.73765474731,-947.815700762655
1933.48287436318,6392.10583346048,-1299.28282822094
1631.91746881921,6396.35662402184,-1644.83142312754
1322.917521828,6371.46735742736,-1982.88658065874
1007.88989085667,6317.54723599837,-2311.90690264951
688.269169510764,6234.8369219357,-2630.39140119463
365.511295143704,6123.70755362687,-2936.88623543483
41.0870536847939,5984.6591920856,-3229.99125330447
-283.524491819812,5818.31870200294,-3508.36631053949
-606.842621965414,5625.43707401551,-3770.73733984645
-927.391603641406,5406.88619694281,-4015.90214383425
-1243.7073268182,5163.65509091703,-4242.73588609476
-1554.3439074423,4896.84561451287,-4450.19625571169
-1857.88022822007,4607.667661189,-4637.32828146358
-2152.92638898671,4297.43386254931,-4803.26877309419
-2438.1300383424,3967.55381815303,-4947.2503682226
-2712.18255836112,3619.52787378594,-5068.60516480167
-2973.82507439213,3254.94047228516,-5166.76792047096
-3221.85426230156,2875.45310317381,-5241.27880170799
-3455.12792598708,2482.79687943992,-5291.78566737201
-3672.57031857595,2078.7647718671,-5318.04587302639
-3873.17718145894,1665.20353329111,-5319.9275843477
-4056.02047618684,1244.00534705003,-5297.41058996071
-4220.25278528106,817.099235674897,-5250.58660617974
-4365.11135917218,386.442267551938,-5179.65906838103
-4489.92178781186,-45.9893992098986,-5084.9424060699
-4594.10127696479,-478.209595080121,-4966.86080113097
-4677.1615108117,-908.231297766823,-4825.94643124745
-4738.71108425667,-1334.07582841676,-4662.83720303307
-4778.45749023581,-1753.78204173807,-4478.27398202437
-4796.20864936176,-2165.41546585432,-4273.0973293143
-4791.87397140007,-2567.077347365,-4048.2437572506
-4765.464940348,-2956.9135569923,-3804.74151926364
-4717.09521726428,-3333.12331137858,-3543.70595149328
-4646.98025746125,-3693.96766703357,-3266.33438645018
-4555.43644120718,-4037.77774315286,-2973.90066143731
-4442.87971967891,-4362.96263101808,-2667.749246867
-4309.82378052602,-4668.01694898445,-2349.2890218826
-4156.87774005929,-4951.52800358633,-2019.9867268766
-3984.7433717089,-5212.18251914114,-1681.36012448075
-3794.21188301447,-5448.77290031061,-1334.97090244375
-3586.16025597774,-5660.20299441982,-982.417353453415
-3361.54716811049,-5845.4933229137,-625.326868395525
-3121.40851391862,-6003.78575413528,-265.348280747074
-2866.85254887119,-6134.34759260634,95.8558992126234
-2599.05468007037,-6236.57506317771,456.617320967366
-2319.25192986922,-6309.99617174811,815.269661213398
-2028.7371005413,-6354.27292771786,1170.1564820846
-1728.85266978784,-6369.20291690826,1519.63904008353
-1420.98444835001,-6354.72021731643,1862.10400595369
-1106.55503228148,-6310.89565375511,2195.97105627815
-787.01708348394,-6237.93639112045,2519.70029841957
-463.84647297236,-6136.18486970846,2831.79949144654
-138.535321926038,-6006.11708962854,3130.83102700736
187.415024019032,-5848.3402549189,3415.41863560435
512.501051631202,-5663.58979142188,3684.25378544235
835.224132568454,-5452.72575580106,3936.10174293176
1154.09753625073,-5216.72865625703,4169.80726599668
1467.65336839581,-4956.69470849796,4384.29990356599
1774.44940121138,-4673.83055333019,4578.59887697811
2073.07576214585,-4369.44746483705,4751.81752149105
2362.16144920787,-4044.95508048109,4903.1672686456
2640.38064211398,-3701.85468662306,5031.96115283333
2906.45877996189,-3341.73209483483,5137.61682808928
3159.17837766555,-2966.25014606121,5219.65908379884
3397.38455509769,-2577.14088105401,5277.72185070345
3619.99025464164,-2176.19741669541,5311.54969124181
3825.98112475406,-1765.26556870246,5320.99877090476
4014.42004907788,-1346.23526187965,5306.03730985666
4184.45130264748,-921.031769516331,5266.74551659103
4335.30431877979,-491.606823707041,5203.31500782254
4466.29705230216,-59.9296383762969,5116.04772116035
4576.83892685614,372.022113458083,5005.35432934963
4666.43335608614,802.271327052839,4871.75216700204
4734.67983058649,1228.85045741791,4715.86268275239
4781.27556451414,1649.81043514521,4538.40843167708
4806.01669777544,2063.22946774692,4340.20962458347
4808.79905165225,2467.22168871731,4122.18025242993
4789.61843763936,2859.94561771962,3885.32380565506
4748.57052111452,3239.61239657331,3630.72860960295
4685.85024325315,3604.4937671236,3359.56279849858
4601.75080632429,3952.9297585357,3073.06895159096
4496.6622291649,4283.33605310499,2772.55841612339
4371.06948121629,4594.21100129852,2459.4053427065
4225.55020504043,4884.14225837302,2135.04045952396
4060.77203867447,5151.81301667627,1800.9446124747
3877.48955058393,5396.00780944253,1458.64209901951
3676.54080129046,5615.61786370338,1109.69382400488
3458.84354701398,5809.64598173712,755.690306189191
3225.39110186101,5977.21093232449,398.244564542967
2977.24787623835,6117.55133492859,38.9849136879449
2715.54461024307,6230.02902180786,-320.452301976092
2441.47332181236,6314.13186496465,-678.430005769199
2156.28199038317,6369.47605675631,-1033.31768812002
1861.26899773287,6395.80783493453,-1383.49867812505
1557.77734854051,6393.00464484034,-1727.37735764296
1247.18869401978,6361.07573346669,-2063.38628845259
930.91718273984,6300.16217210569,-2389.99322322909
610.403163465753,6210.53630632942,-2705.70797139204
287.106765494785,6092.60063410778,-3009.08909126972
-37.4986174233097,5946.88611494952,-3298.7503804682
-361.932912966635,5774.04991505709,-3573.36713688587
-684.715998825469,5574.87259561847,-3831.68216343407
-1004.37434649264,5350.25475351176,-4072.51149024618
-1319.44765242937,5101.21312587214,-4294.74978896927
-1628.49542852244,4828.87617216349,-4497.37545464437
-1930.10352359121,4534.47914959179,-4679.45533170414
-2222.8905476163,4219.35869991662,-4840.14906173287
-2505.51417040747,3884.94696790504,-4978.71303188397
-2776.67726654443,3532.76527388151,-5094.50390419209
-3035.13387868007,3164.41736499447,-5186.98170749427
-3279.6949716749,2781.58227194132,-5255.71247526784
-3509.23395049628,2386.00680002947,-5300.37041439117
-3722.69191548286,1979.49768543254,-5320.73959167729
-3919.08262931409,1563.91344949783,-5316.71512696508
-4097.49717094939,1141.15598580664,-5288.30388361623
-4257.10825285108,713.161916465625,-5235.62464943266
-4397.17417902157,281.893755718678,-5158.90780327645
-4517.0424227324,-150.66907951744,-5058.49446503566
-4616.1528043361,-582.539371276625,-4934.83512902183
-4694.04025120289,-1011.73127224704,-4788.48778339973
-4750.33712362458,-1436.26950452738,-4620.11552081861
-4784.77509246301,-1854.19854165408,-4430.48364802921
-4797.18655639044,-2263.59172961206,-4220.45630490386
-4787.50558875723,-2662.56030224604,-3990.99260592877
-4755.76840642517,-3049.26224648904,-3743.14231985909
-4702.11335530219,-3421.91097303744,-3478.04110583958
-4626.78040979865,-3778.78374862881,-3196.90532683243
-4530.1101859761,-4118.22984685454,-2901.02646367238
-4412.5424707574,-4438.67837551526,-2591.76515543704
-4274.61427220747,-4738.64573984405,-2270.5448941041
-4116.95739852552,-5016.74270258455,-1938.84540355235
-3940.29557603858,-5271.68100375653,-1598.19573496776
-3745.44111908123,-5502.27950512377,-1250.16711247461
-3533.2911672071,-5707.46982676366,-896.365564420441
-3304.82350765261,-5886.30144578183,-538.424377112759
-3061.09200336742,-6037.94623005797,-177.996408973408
-2803.2216491943,-6161.70238296268,183.253696013484
-2532.40328092155,-6256.99777820392,543.657356010892
-2249.88796391965,-6323.39266733071,901.549920227301
-1956.98108989002,-6360.58174591464,1255.27851888183
-1655.03621188803,-6368.39556801504,1603.20985421649
-1345.44864922185,-6346.80130218508,1943.73789289674
-1029.64889504717,-6295.90282596201,2275.29142077343
-709.095860505996,-6215.94015947772,2596.34142183065
-385.269990019592,-6107.28824249202,2905.40824428421
-59.6662829277244,-5970.45506276737,3201.06851811335
266.212743024316,-5806.07914723436,3481.96178988896
590.864110738659,-5614.92643082377,3746.79684251184
912.791429880978,-5397.88652112933,3994.35766942899
1230.51189492614,-5155.96838020117,4223.50907500359
1542.56320056535,-4890.29544772371,4433.2018749751
1847.51034066892,-4602.10023259376,4622.477673326
2143.95225796362,-4292.71840245652,4790.47319436096
2430.52831271264,-3963.58240308667,4936.42415136556
2705.9245400016,-3616.21464157805,5059.66863584468
2968.87966668076,-3252.22026915524,5159.65001400082
3218.19086061471,-2873.27960100054,5235.91931979977
3452.71918657794,-2481.1402118628,5288.13713664281
3671.39474497843,-2077.60874726114,5316.07496233636
3873.22147145272,-1664.54249099006,5319.6160546575
4057.28157736147,-1243.84073020452,5298.75575738679
4222.73961322024,-817.435959746224,5253.60130917202
4368.84613915067,-387.284967518982,5184.37114000083
4494.94098851347,44.640157358692,5091.39366237918
4600.4561129603,476.361052161739,4975.10556652925
4684.91799921608,905.902102932552,4836.04963102623
4747.94964996006,1331.29942126832,4674.87206228162
4789.27212320048,1750.60973597112,4492.3193781491
4808.70562652894,2161.91916096052,4289.23485267412
4806.17016458653,2563.35180194678,4066.55454062233
4781.6857399656,2953.07816555001,3825.30290192483
4735.37210960851,3329.32333589121,3566.58804753541
4667.448100538,3690.37488506822,3291.59662945393
4578.23049046374,4034.59048543527,3001.58839879164
4468.13246045236,4360.40519316248,2697.89045677082
4337.66162842436,4666.33837417411,2381.89122445712
4187.41767374346,4951.0002452544,2055.03415780661
4018.08956461275,5213.09800480455,1718.81123533112
3830.45240135319,5451.44152952446,1374.75624625449
3625.3638899561,5664.94861506106,1024.43790756164
3403.76046154178,5852.6497404939,669.452838753482
3166.6530545421,6013.69233836829,311.418423462666
2915.12257754659,6147.34455385458,-48.0344126613386
2650.31507182105,6252.99847849472,-407.268478202457
2373.43659351936,6330.1728459046,-764.647616661379
2085.74783656674,6378.51517872558,-1118.54400183388
1788.55851810049,6397.80337806367,-1467.34539817788
1483.22154920882,6387.9467486223,-1809.46235656727
1171.1270145072,6348.98645472313,-2143.33531601059
853.695984852659,6281.09540442185,-2467.44158214814
532.374188177219,6184.57756096208,-2780.30215368107
208.625564083977,6059.86668287361,-3080.48836826224
-116.074271584893,5907.52449610624,-3366.62833987583
-440.244625461763,5728.23830370568,-3637.4131602796
-762.406361453757,5522.81804067191,-3891.60283774183
-1081.08854404121,5292.19278380119,-4128.03194703992
-1394.83506217642,5037.40672848982,-4345.61496552752
-1702.21120565262,4759.61464667188,-4543.3512710141
-2001.81016566835,4460.07684226765,-4720.32977824329
-2292.25943126842,4140.15362272252,-4875.73319191197
-2572.2270533859,3801.29930742677,-5008.84185543267
-2840.42774838213,3445.05579598502,-5119.0371760297
-3095.62881324747,3073.04572147907,-5205.8046082539
-3336.65582502707,2686.96521599615,-5268.73617962226
-3562.39809757249,2288.57631775974,-5307.53254383078
-3771.81386936396,1879.69905124331,-5322.00454883991
-3963.93519696786,1462.20321355765,-5312.07430911154
-4137.87252962709,1037.99990226707,-5277.77577335872
-4292.81894158607,609.032821499034,-5219.25478136239
-4428.05399998504,177.269404834448,-5136.76860570062
-4542.94724755893,-255.308205095896,-5030.68497661767
-4636.96128091668,-686.712279091078,-4901.48059072095
-4709.65440686514,-1114.95868360807,-4749.7391067234
-4760.682861076,-1538.07607950839,-4576.14863403016
-4789.80257536221,-1954.11509339834,-4381.49872258912
-4796.87048192984,-2361.15741717817,-4166.67686506588
-4781.84534518869,-2757.32479120435,-3932.66452504314
-4744.7881140308,-3140.7878264898,-3680.5327075801
-4685.86178990754,-3509.77462169231,-3411.43709104567
-4605.33080853638,-3862.57913120003,-3126.61274167874
-4503.55993563361,-4197.56924148162,-2827.3684347785
-4381.0126796788,-4513.19451400197,-2515.08060877716
-4238.24922735332,-4807.99355441532,-2191.18698067541
-4075.9239099443,-5080.60096942199,-1857.17985341952
-3894.78221162578,-5329.75387465272,-1514.59914769806
-3695.65733313481,-5554.29791913068,-1165.02519240565
-3479.46632688769,-5753.19279434137,-810.071309539309
-3247.20582205326,-5925.51719861213,-451.376230643942
-2999.94736045055,-6070.47323041835,-90.5963830017217
-2738.83236638806,-6187.39018731514,270.601915365853
-2465.06677566394,-6275.72775045614,630.550312209079
-2179.91535089173,-6335.07853806347,987.586289048545
-1884.69571209603,-6365.17001472786,1340.06100053472
-1580.7721131033,-6365.86574702489,1686.34704521737
-1269.54899564498,-6337.16599959315,2024.84612819384
-952.464354267464,-6279.20766951275,2353.99657678661
-630.982946089101,-6192.2635605099,2672.28067134322
-306.589380192089,-6076.741002172,2978.23175440417
19.2188780750414,-5933.17982295385,3270.44108289787
344.938552328373,-5762.249689265,3547.56438962439
669.067614315543,-5564.74682632264,3808.32812210108
990.112321604325,-5341.59013970819,4051.53532883299
1306.59419877734,-5093.81675965888,4276.07116521838
1617.05692772879,-4822.57703303689,4480.90799358981
1920.07311347763,-4529.12899062376,4665.11005430367
2214.25089290808,-4214.8323198868,4827.83768729366
2498.24035503513,-3881.14187562405,4968.35108609151
2770.73974273139,-3529.60076292401,5086.01356895333
3030.50140733931,-3161.83302866224,5180.29435440093
3276.33748922161,-2779.5359992798,5250.77083117496
3507.12529903045,-2384.47230387746,5297.13031526883
3721.81237630543,-1978.46162270077,5319.17128936487
3919.42120393672,-1563.37220185564,5316.80412260479
4099.05355899071,-1141.11217566658,5290.05127117231
4259.89448243184,-713.620738386059,5239.04696264523
4401.21585232624,-282.859207063788,5164.03636946483
4522.37954719035,149.197982742682,5065.37427916514
4622.84018822356,580.572307046585,4943.52327119651
4702.14745123766,1009.2901684487,4799.05141225409
4759.94794114378,1433.39185591726,4632.62948398283
4795.98662387759,1850.94040999718,4445.02775876852
4810.10781262418,2260.03035510573,4237.11234103692
4802.255707137,2658.79626168004,4009.84109307532
4772.47448682556,3045.42110219296,3764.25916584659
4720.90796010731,3418.14436637276,3501.49415661536
4647.79877427858,3775.26990240989,3222.75091641608
4553.48719185331,4115.17345243199,2929.30603150019
4438.40944094237,4436.30985212095,2622.50200387624
4303.09564880976,4737.21986596168,2303.7411569511
4148.16736922635,5016.5366313268,1974.47929303183
3974.33471566887,5272.99168631322,1636.21913013373
3782.39311376808,5505.42055801961,1290.50354611374
3573.21968770136,5712.76788975357,938.908658632065
3347.76929645419,5894.09208748103,583.036769845593
3107.07023704612,6048.56946767753,224.509205058228
2852.21963292279,6175.49789061457,-135.040925213832
2584.37852677579,6274.29986500021,-493.976010129959
2304.76669804495,6344.52511180818,-850.661240652367
2014.65722630672,6385.85257705672,-1203.47189917461
1715.37082264718,6398.0918852498,-1550.80060696231
1408.26995195475,6381.18422716606,-1891.06449984599
1094.75276986908,6335.20267767445,-2222.71230278442
776.246898841747,6260.35194127365,-2544.23127420426
454.203068474401,6156.9675250962,-2854.15399133214
130.088645902963,6025.51434118479,-3151.06494818068
-194.618917417429,5866.5847419418,-3433.60693832942
-518.438695667993,5680.895994773,-3700.48719522842
-839.892928065797,5469.28720408676,-3950.48326342593
-1157.51366003741,5232.71569097415,-4182.44857488171
-1469.84935820295,4972.2528430793,-4395.31770538882
-1775.47147099933,4689.07944936347,-4588.11128709176
-2072.98090664735,4384.48053667291,-4759.9405541559
-2361.01440014317,4059.83972722791,-4910.01149982405
-2638.25074103519,3716.63313834664,-5037.62862439049
-2903.41683392695,3356.42284791266,-5142.19825502864
-3155.29356396913,2980.84995123107,-5223.23141994541
-3392.7214400082,2591.62723706765,-5280.34626097266
-3614.60598864283,2190.53151270104,-5313.26997048427
-3819.92287311934,1779.39560983584,-5321.84024040727
-4007.72271183964,1360.10010513341,-5306.00621309804
-4177.13557223643,934.564790932947,-5265.82892596667
-4327.37511689627,504.739933445973,-5201.48124394961
-4457.74238009755,72.5973572564272,-5113.24727624389
-4567.62915435258,-359.878603606699,-5001.52127611946
-4656.52096812676,-790.700246526222,-4866.80602510357
-4723.99963762967,-1217.8856905165,-4709.71070537536
-4769.74537744039,-1639.46807238782,-4530.94826680082
-4793.53845673018,-2053.50470479853,-4331.3322976651
-4795.26038997423,-2458.0861517373,-4111.77341080106
-4774.89465328902,-2851.34517681193,-3873.27515945905
-4732.52691988283,-3231.46551984166,-3616.92949987217
-4668.34481054759,-3596.69045759446,-3343.91182006085
-4582.63715763947,-3945.33110517028,-3055.4755569264
-4475.79278357075,-4275.77441544872,-2752.94642611192
-4348.29879745864,-4586.49083520518,-2437.71629144499
-4200.7384162102,-4876.04157800348,-2111.23670295079
-4033.7883189725,-5143.08547569747,-1775.01213449547
-3848.21554649672,-5386.38537240729,-1430.59295398867
-3644.87395954669,-5604.81402710828,-1079.56816076738
-3424.70027301,-5797.35949347796,-723.557926288115
-3188.70968479786,-5963.1299484012,-364.205975508964
-2937.99112096663,-6101.35794346881,-3.17184740711301
-2673.70212069385,-6211.40405695032,357.876926140967
-2397.06338681651,-6292.75992701111,717.272683329011
-2109.35302954252,-6345.05065037957,1073.35549716759
-1811.90053268045,-6368.03653420892,1424.48100189896
-1506.08047326734,-6361.61419250122,1769.02814120855
-1193.30602681939,-6325.81698213141,2105.40679883998
-875.022291542369,-6260.81477720311,2432.06527297759
-552.699465753768,-6166.91308415153,2747.49755673541
-227.825913435121,-6044.55150365469,3050.25038832982
98.0988467182776,-5894.30154899114,3338.93003596009
423.571193160983,-5716.8638339682,3612.20878407754
747.090458703874,-5513.06464690523,3868.83108958507
1067.16595772417,-5283.85193037474,4107.61937853385
1382.32394849296,-5030.29068945411,4327.47945607038
1691.11449639594,-4753.55785410456,4527.40550470745
1992.11820468641,-4454.93662394921,4706.48464842982
2283.95278045201,-4135.81032616621,4863.90106266943
2565.2794047024,-3797.65581941696,4998.93961278695
2834.80887686122,-3442.03647870104,5110.98900634252
3091.30750547605,-3070.59479774175,5199.54444711717
3333.60271859036,-2685.04464700405,5264.20978152278
3560.58836901143,-2287.16322662989,5304.69913072271
3771.22971153349,-1878.7827545848,5320.83800441582
3964.56803112072,-1461.78193101965,5312.56389483879
4139.72490304304,-1038.07722034034,5279.9263520727
4295.90606798626,-609.613992749375,5223.08654419688
4432.40490722711,-178.357567050254,5142.31630820283
4548.60550503751,253.715803658977,5037.99669985095
4643.98528756085,684.627962143799,4910.61605281735
4718.11722947045,1112.40785233912,4760.76755952715
4770.67162176301,1535.10045981855,4589.14638800113
4801.41739605062,1950.77564831791,4396.54635085237
4810.22300268575,2357.5368542287,4183.85614425091
4797.05684197306,2753.52960212222,3952.05517623287
4761.98724958911,3136.9498056213,3702.20900516676
4705.18203913702,3506.05181930986,3435.46441049439
4626.90760650679,3859.15620881032,3153.04411905899
4527.5276023885,4194.65720769569,2856.24121140055
4407.50118089918,4511.02983148299,2546.41323336922
4267.3808338173,4806.83662063514,2224.97603923303
4107.80982140733,5080.73398615171,1893.39739324462
3929.51921220797,5331.47813311729,1553.19035723607
3733.3245455104,5557.93053931691,1205.90649239743
3520.12213152246,5759.06296785061,853.128903841444
3290.88500543523,5933.96199450077,496.465156948729
3046.65855275727,6081.83303246714,137.540094776476
2788.55582438205,6202.0038389548,-222.011413958828
2517.75256089422,6293.92748999721,-580.551766668266
2235.48194660443,6357.18481181217,-936.447928719748
1943.02911473687,6391.48625892283,-1288.07871557801
1641.7254260766,6396.67323123104,-1633.84202558942
1332.94254421078,6372.71882420938,-1972.16199388754
1018.08633127221,6319.7280083764,-2301.49603810889
698.590588833515,6237.93723624518,-2620.34176687457
375.910669247592,6127.71347698241,-2927.24372237815
51.5169833689053,5989.55268109153,-3220.79992882924
-273.111568872714,5824.07767953038,-3499.66821903971
-596.494218071274,5632.03552380049,-3762.572312031
-917.154967723037,5414.29427569138,-4008.30761523926
-1233.62923163774,5171.83925753119,-4235.74672568064
-1544.47043835799,4905.7687759845,-4443.84460532109
-1848.2565743794,4617.289334633,-4631.64340688899
-2143.59663786176,4307.71035278243,-4798.276927461
-2429.13697451878,3978.43841014786,-4942.97466835792
-2703.567467482,3630.97103926324,-5065.06548121128
-2965.62755315101,3266.89008963757,-5163.98078149994
-3214.11203536389,2887.85468984713,-5239.25731240812
-3447.87667071016,2495.59383582199,-5290.53944354521
-3665.84349836304,2091.8986356869,-5317.58099084984
-3867.00588857024,1678.61424345105,-5320.24654592682
-4050.43328479294,1257.63151576326,-5298.51230508685
-4215.27561550821,830.878427729409,-5252.46639049994
-4360.76735285539,400.311285456151,-5182.3086581132
-4486.23119661963,-32.0942254747754,-5088.34998932079
-4591.08136351472,-464.35211502912,-4971.01106579468
-4674.82646333996,-894.475245460355,-4830.82062938115
-4737.07194534567,-1320.48452697825,-4668.41323152385
-4777.52210004127,-1740.41810874997,-4484.52647927735
-4795.98160371335,-2152.34052106217,-4279.99778760515
-4792.35659507762,-2554.35172411533,-4055.76065030544
-4766.65527576172,-2944.59601884441,-3812.84044453792
-4718.98802868858,-3321.27077530535,-3552.34978654508
-4649.56705089205,-3682.63493461787,-3275.48345871728
-4558.70549983044,-4027.01724115356,-2983.51293065173
-4446.8161548533,-4352.82416264746,-2677.78049926202
-4314.40959809804,-4658.54745719199,-2359.69307527625
-4162.0919217471,-4942.77134758266,-2030.71564565606
-3990.56197120084,-5204.17926534864,-1692.36444343499
-3800.60813634985,-5441.56012884149,-1346.19985834963
-3593.10470569598,-5653.81412210813,-993.819123268211
-3369.00780057013,-5839.95794384683,-636.848812857215
-3129.35090911967,-5999.12949852823,-276.937192161819
-2875.24004203529,-6130.59200477008,84.2535462555291
-2607.84853417058,-6233.73749922383,445.05511722452
-2328.41151823577,-6308.0897175649,803.801010047696
-2038.22009861401,-6353.30633763915,1158.83434764534
-1738.61525503329,-6369.18057338073,1508.51569769111
-1430.98150732151,-6355.64211175319,1851.23079595495
-1116.74037375307,-6312.75738864518,2185.39814262682
-797.343656571754,-6240.72920334527,2509.47643319167
-474.266589119669,-6139.89567489831,2821.97178647856
-149.000879622264,-6010.72854727725,3121.44473378828
176.952312928325,-5853.83085386179,3406.51693450641
502.089435187021,-5669.93395517314,3675.87758531632
824.911592631453,-5459.89396714208,3928.28949202822
1143.93156425005,-5224.68760036743,4162.59477510656
1457.68074399716,-4965.40743382915,4377.72018219806
1764.7159749851,-4683.2566493321,4572.68198331651
2063.62624328102,-4379.54325556984,4746.59042679335
2353.03919928043,-4055.67383307184,4898.65373665903
2631.62747587721,-3713.14683345805,5028.18163472411
2898.11477407257,-3353.54546832925,5134.58837329013
3151.28168821603,-2978.53022478832,5217.3952670985
3389.9712447628,-2589.83104598047,5276.23271581241
3613.09413018843,-2189.23921624072,5310.8417109838
3819.63358560786,-1778.59899130465,5321.07482410166
4008.64994756956,-1359.79901473882,5306.89667489062
4179.28481650267,-934.763562176736,5268.38388154891
4330.76483634501,-505.44365513531,5205.7244970507
4462.405070937,-73.8080861946955,5119.21693798422
4573.61196485214,358.165602909305,5009.26841464226
4663.88587840826,788.500149139211,4876.39287321853
4732.82318866578,1215.2275614082,4721.20846298527
4780.11795025642,1636.39803944877,4544.4345432269
4805.56311188634,2050.08877941965,4346.88824648623
4809.05128631765,2454.41262843593,4129.4806163287
4790.57507353906,2847.52655137462,3893.21233936087
4750.22693868929,3227.63987459997,3639.1690926411
4688.19864808819,3593.0222726339,3368.51652890258
4604.78026845818,3942.01146527066,3082.49492316857
4500.35873608004,4273.0205941779,2782.41350538569
4375.41600421886,4584.54524963832,2469.64450462996
4230.52677868701,4875.17011973577,2145.61693127982
4066.35585285885,5143.57523602649,1811.81012424708
3883.65505485443,5388.54179145242,1469.7470910136
3683.25982092446,5608.95750806322,1120.98766872672
3466.08541033879,5803.82153390769,767.12153507052
3233.12277827214,5972.24885030449,409.761097972439
2985.43412432977,6113.47417255074,50.534293501228
2724.14813543201,6226.85532901479,-308.922678497007
2450.45494280664,6311.87610545629,-666.972651344048
2165.60081381127,6368.14854333705,-1021.98479131919
1870.88260022645,6395.41468282649,-1372.34187057348
1567.64196553276,6393.54774316576,-1716.44748352865
1257.25941449563,6362.55273503789,-2052.73317728483
941.148149157784,6302.56650159705,-2379.66546677557
620.747776035008,6213.85718683906,-2695.75270572765
297.517889987819,6096.82313205185,-2999.55178483928
-27.0684391746737,5951.99120316294,-3289.67462906341
-351.531250751536,5780.01455390789,-3564.79446640972
-674.390320788228,5581.66983187371,-3823.65184130789
-994.171805809771,5357.85383662314,-4065.06034628928
-1309.41487482708,5109.57964128,-4287.91204655319
-1618.67830154035,4837.97219114631,-4491.1825728937
-1920.54698850004,4544.26339511905,-4673.93585948003
-2213.63839490064,4229.78672788955,-4835.32850409942
-2496.60883971861,3895.97136310276,-4974.61372971374
-2768.15965202502,3544.33585985782,-5091.14492752374
-3027.04314055588,3176.48142709549,-5184.37876320698
-3272.0683549838,2794.08479256157,-5253.8778295797
-3502.10661181989,2398.89070514026,-5299.31283063762
-3716.09675851688,1992.70410136127,-5320.46428376162
-3913.05015008587,1577.38196887666,-5317.22372880937
-4092.05531346276,1154.82494154698,-5289.59443487415
-4252.28227590226,726.968662557641,-5237.69159765334
-4392.98653488583,295.774953612284,-5161.74202263476
-4513.51264837761,-136.777170244334,-5062.08329166726
-4613.29742576848,-568.700599296438,-4939.16241292133
-4691.87270149428,-998.009299275071,-4793.53395675855
-4748.86767511043,-1422.72750992117,-4625.85768259676
-4784.010803537,-1840.89892823832,-4436.89566446896
-4797.13123325197,-2250.59583215173,-4227.50892561167
-4788.15976239716,-2649.92810000925,-3998.65359506127
-4757.12932505867,-3037.05208131999,-3751.37660187287
-4704.17499237975,-3410.17927436514,-3486.81092517362
-4629.53348764537,-3767.58476680525,-3206.17042081678
-4533.54221502557,-4107.61539619362,-2910.74424787428
-4416.63780426519,-4428.6975883552,-2601.89092058921
-4279.35417623977,-4729.34483292471,-2281.03201367539
-4122.32013693804,-5008.16475695855,-1949.64555096922
-3946.25651007469,-5263.86575939648,-1609.2591094279
-3751.97282113523,-5495.26317131442,-1261.44267223964
-3540.36354821584,-5701.28490928761,-907.801266424645
-3312.40395750559,-5880.97659181363,-549.967421692671
-3069.14554364473,-6033.50609159425,-189.593488479249
-2811.71109747267,-6158.16749951143,171.656145985274
-2541.28942582483,-6254.38447934925,532.112904038812
-2259.12975002482,-6321.71299568177,890.111886429971
-1966.53581154726,-6359.84340083182,1243.9997235139
-1664.85971496211,-6368.60187039104,1592.14236877701
-1355.49553971929,-6347.95118043994,1932.93279501593
-1039.87275356042,-6297.99082329311,2264.7985541165
-719.449461370938,-6218.9564622869,2586.2091622322
-395.705524067773,-6111.21872979527,2895.68327327995
-70.1355826946708,-5975.28137627716,3191.7956049952
255.757976775669,-5811.77878169339,3473.18358335159
580.472082324369,-5621.4728440599,3738.55367290331
902.510022965264,-5405.24926319971,3986.68736254906
1220.38844887676,-5164.11324089295,4216.44677832704
1532.64428999158,-4899.18462159025,4426.77989709849
1837.84155921551,-4611.69250061718,4616.72533736151
2134.57800739929,-4302.96932934919,4785.41670591895
2421.49159831075,-3974.44454917508,4932.08648168259
2697.26677316721,-3627.63778814877,5056.06942052982
2960.6404757333,-3264.15165608234,5156.80546778843
3210.40791057128,-2885.66417544062,5233.842167606
3445.42800874198,-2493.92088674369,5286.83656114427
3664.62857706459,-2090.72666827779,5315.55656819817
3867.01110892454,-1677.93731078708,5319.88184945795
4051.65523659109,-1257.45088841528,5299.80414920357
4217.72280701726,-831.198967542768,5255.42712071603
4364.46156513694,-401.137695335121,5186.96563910775
4491.20843075795,30.7611902725323,5094.74460859557
4597.39235721803,462.51938767434,4979.19727346097
4682.53676205111,892.161054767293,4840.86304405066
4746.26152196534,1317.72178782181,4680.38485116361
4788.28452646374,1737.25751647081,4498.50604404245
4808.42278643027,2148.853276187,4296.06684893519
4806.59309595114,2550.63182070324,4074.00040681504
4782.81224753603,2940.76203802959,3833.32841034625
4737.19680274202,3317.46713503994,3575.15636155373
4669.96242197914,3679.03255700198,3300.66847290856
4581.42275898789,4023.81360991723,3011.12223567181
4471.98792712579,4350.24275509197,2707.84268036273
4342.16254617251,4656.83654700006,2392.2163551084
4192.54337987941,4942.20218714588,2065.68504845646
4023.81657592446,5205.04366838257,1729.73928390887
3836.75452130981,5444.16748588516,1385.91161404622
3632.212327553,5658.48789276553,1035.76974262871
3411.12396126089,5847.03168014637,680.909503466719
3174.49803687254,6008.94246333773,322.947725216535
2923.41328947007,6143.48445764042,-36.4849885063556
2659.01374663708,6250.04572917276,-395.75153409938
2382.50361935144,6328.14090802936,-753.215608334032
2095.14193286161,6377.41335300272,-1107.24900436662
1798.23691940472,6397.63675904348,-1456.23887368966
1493.14019547703,6388.71620060172,-1798.59492442159
1181.24074717916,6350.68860597938,-2132.75652649668
863.958747900277,6283.72265983571,-2457.19969457452
542.739233316646,6188.11813302365,-2770.44391979362
219.045659314514,6064.30464099592,-3071.05882189987
-105.646630963297,5912.83983410523,-3357.67059375174
-429.857004219332,5734.40702523643,-3628.96821075984
-752.106171068972,5529.8122623429,-3883.70937846895
-1070.92282949908,5299.98085561701,-4120.72619222676
-1384.8502898247,5045.95337120514,-4338.93048371448
-1692.45305302517,4768.88110556506,-4537.31883005535
-1992.32331418101,4470.0210567769,-4714.97720224749
-2283.08736270028,4150.73041131069,-4871.08523082936
-2563.4118510505,3812.46056697417,-5004.92006793432
-2832.0099038887,3456.75071493722,-5115.85982628019
-3087.64703973539,3085.2210059161,-5203.38657712618
-3329.14687775768,2699.56532770044,-5267.0888908558
-3555.39660272172,2301.54372332375,-5306.66390556775
-3765.35216185327,1892.97448117022,-5321.91891091971
-3958.04316813552,1475.72593025795,-5312.77243643557
-4132.57748550992,1051.707975795,-5279.25483556909
-4288.14547254428,622.863411820604,-5221.50835900674
-4424.02386236181,191.159049366019,-5139.78671297987
-4539.57925801839,-241.423299981718,-5034.45410073562
-4634.27122405193,-672.895943933466,-4905.98374777478
-4707.6549566119,-1101.27449047494,-4754.95591399179
-4759.38351640598,-1524.58704676139,-4582.05539843263
-4789.20961066593,-1940.88339202733,-4388.06854500448
-4796.98691242805,-2348.24408013408,-4173.87976011356
-4782.67090763957,-2744.78942716151,-3940.46755584782
-4746.31926292331,-3128.6883394702,-3688.90013495222
-4688.09170925253,-3498.1669379619,-3420.33053643244
-4608.24943928546,-3851.51693483018,-3135.99136315729
-4507.15401867317,-4187.10371993297,-2837.18911528811
-4385.26581425985,-4503.37411505627,-2525.2981557061
-4243.14194473858,-4798.86375571201,-2201.75433586571
-4081.43376196111,-5072.20406182369,-1868.04831256472
-3900.88387373643,-5322.12876057538,-1525.71858807025
-3702.32272154875,-5547.47992691089,-1176.34430778321
-3486.66472916431,-5747.21350962393,-821.537851169751
-3254.90404055933,-5920.40431365926,-462.937253024383
-3008.1098679699,-6066.25041213714,-102.198493241586
-2747.42147310594,-6184.07696470333,259.012305868328
-2474.04280668537,-6273.33942205727,619.026735056864
-2189.23683339342,-6333.62609991136,976.181966390093
-1894.31957115533,-6364.6601091467,1328.8285941515
-1590.6538752024,-6366.30063253321,1675.33840843092
-1279.64299880573,-6338.54354204281,2014.11206185304
