6480.8,-2145.5,-2145.5
6449.36268807055,-1975.96796623384,-1975.96796623384
6389.96577472319,-1797.86959279809,-1797.86959279809
6302.87247604841,-1611.97858885427,-1611.97858885427
6188.46585752327,-1419.10209725169,-1419.10209725169
6047.24707997003,-1220.07717721498,-1220.07717721498
5879.8331395657,-1015.76716383818,-1015.76716383818
5686.95411319216,-807.057920343725,-807.057920343725
5469.44992242815,-594.853999417124,-594.853999417124
5228.26663141038,-380.074730201875,-380.074730201875
4964.45229564313,-163.650247754474,-163.650247754474
4679.15238057556,53.4825181154553,53.4825181154553
4373.60477043388,270.383877614944,270.383877614944
4049.13438934783,486.115422345965,486.115422345965
3707.14745826743,699.744056352437,699.744056352437
3349.12541252079,910.346000020438,910.346000020438
2976.61850610411,1117.01075020659,1117.01075020659
2591.23912993985,1318.84498021208,1318.84498021208
2194.6548723582,1514.97636352924,1514.97636352924
1788.58135098275,1704.55730564286,1704.55730564286
1374.77484600772,1886.76856858242,1886.76856858242
955.024765543555,2060.82277338905,2060.82277338905
531.145974305354,2225.96776616877,2225.96776616877
104.971017378735,2381.48983397094,2381.48983397094
-321.65772882904,2526.71675733291,2526.71675733291
-746.895946103355,2661.02068698545,2661.02068698545
-1168.90527190788,2783.82083290393,2783.82083290393
-1585.86117232524,2894.58595462361,2894.58595462361
-1995.96075801424,2992.83664250641,2992.83664250641
-2397.4305109538,3078.14738045649,3078.14738045649
-2788.53389003353,3150.14838141875,3150.14838141875
-3167.57878399254,3208.52718787416,3208.52718787416
-3532.92478071541,3253.03003044536,3253.03003044536
-3882.99022255816,3283.46293866418,3283.46293866418
-4216.25901811742,3299.69259891057,3299.69259891057
-4531.28718172267,3301.64695551788,3301.64695551788
-4826.70907290733,3289.31555204725,3289.31555204725
-5101.24330920881,3262.74961075904,3262.74961075904
-5353.69832680949,3222.0618493542,3222.0618493542
-5582.97756487966,3167.42603511245,3167.42603511245
-5788.08425083094,3099.076277627,3099.076277627
-5968.12576524892,3017.30606240452,3017.30606240452
-6122.31756684655,2922.46702868243,2922.46702868243
-6249.98665950047,2814.96749589289,2814.96749589289
-6350.57458523109,2695.27074427459,2695.27074427459
-6423.63992886735,2563.8930562032,2563.8930562032
-6468.86032211424,2421.40152586056,2421.40152586056
-6486.03393678585,2268.41164589775,2268.41164589775
-6475.0804590859,2105.58468075987,2105.58468075987
-6436.04153899992,1933.62483732191,1933.62483732191
-6369.08071110065,1753.27624443821,1753.27624443821
-6274.48278535101,1565.3197539154,1565.3197539154
-6152.65270881045,1370.56957629269,1370.56957629269
-6004.11390149561,1169.86976562616,1169.86976562616
-5829.50607200868,964.090568241252,964.090568241252
-5629.58252091184,754.124651120959,754.124651120959
-5405.20694218637,540.883226239273,540.883226239273
-5157.34973544557,325.292087713728,325.292087713728
-4887.08384388218,108.287579155591,108.287579155591
-4595.58013517751,-109.187490995873,-109.187490995873
-4284.10234480546,-326.187968024089,-326.187968024089
-3954.00160327987,-541.770484996999,-541.770484996999
-3606.71057093576,-754.997593800586,-754.997593800586
-3243.73720576816,-964.941874537313,-964.941874537313
-2866.6581916817,-1170.69000470262,-1170.69000470262
-2477.11205620397,-1371.34676967015,-1371.34676967015
-2076.79200828092,-1566.03899622784,-1566.03899622784
-1667.4385281936,-1753.91939121151,-1753.91939121151
-1250.83174290244,-1934.17026768044,-1934.17026768044
-828.783621215767,-2106.00714157427,-2106.00714157427
-403.13002412112,-2268.68218236481,-2268.68218236481
24.2773536519235,-2421.48750189215,-2421.48750189215
451.579114194082,-2563.75826632064,-2563.75826632064
876.916322090091,-2694.87561698347,-2694.87561698347
1298.43866800977,-2814.26938679088,-2814.26938679088
1714.31259302846,-2921.42059985123,-2921.42059985123
2122.72933669885,-3015.863742995,-3015.863742995
2521.91287227884,-3097.18879898491,-3097.18879898491
2910.12769311942,-3165.04303234686,-3165.04303234686
3285.68641496927,-3219.13251994288,-3219.13251994288
3646.95715990282,-3259.22341963645,-3259.22341963645
3992.37068870081,-3285.1429716568,-3285.1429716568
4320.42724979191,-3296.7802285455,-3296.7802285455
4629.70311429333,-3294.08651085942,-3294.08651085942
4918.85676827907,-3277.07558710273,-3277.07558710273
5186.63473512536,-3245.82357765474,-3245.82357765474
5431.87700259488,-3200.46858374961,-3200.46858374961
5653.5220313154,-3141.21004383147,-3141.21004383147
5850.61132330581,-3068.30782086159,-3068.30782086159
6022.29353137609,-2982.08102536851,-2982.08102536851
6167.82809240758,-2882.90658021871,-2882.90658021871
6286.58836979429,-2771.21753422483,-2771.21753422483
6378.06429262646,-2647.50113280777,-2647.50113280777
6441.86448154617,-2512.29665496856,-2512.29665496856
6477.7178535579,-2366.19302681853,-2366.19302681853
6485.47470044717,-2209.82622284311,-2209.82622284311
6465.10723782119,-2043.87646694162,-2043.87646694162
6416.70962413039,-1869.06524608695,-1869.06524608695
6340.49745134733,-1686.1521501802,-1686.1521501802
6236.80671125987,-1495.93155234281,-1495.93155234281
6106.0922435668,-1299.22914447627,-1299.22914447627
5948.9256741408,-1096.89834344516,-1096.89834344516
5765.99285393702,-889.816583687932,-889.816583687932
5558.09081106316,-678.881512434155,-678.881512434155
5326.12423049061,-465.007104015407,-465.007104015407
5071.101477765,-249.119709991405,-249.119709991405
4794.130184861,-32.1540619760172,-32.1540619760172
4496.41241802332,184.95075585484,184.95075585484
4179.23944903192,401.255347563811,401.255347563811
3843.98615282656,615.8240425887,615.8240425887
3492.10505581848,827.728912343863,827.728912343863
3125.120060508,1036.05374957692,1036.05374957692
2744.61987319763,1239.8979940002,1239.8979940002
2352.25116267778,1438.38058798897,1438.38058798897
1949.71147870426,1630.64374648767,1630.64374648767
1538.74195995641,1815.85662564738,1815.85662564738
1121.119861893,1993.2188751688,1993.2188751688
698.650935553144,2161.96405981819,2161.96405981819
273.161688878978,2321.36293612181,2321.36293612181
-153.508437477808,2470.72657084195,2470.72657084195
-579.514947589266,2609.40928846282,2609.40928846282
-1003.01618847813,2736.81143559574,2736.81143559574
-1422.18123661562,2852.3819509276,2852.3819509276
-1835.19774021033,2955.62073009303,2955.62073009303
-2240.27968495995,3046.08077564324,3046.08077564324
-2635.67505119813,3123.37012311162,3123.37012311162
-3019.67333075358,3187.15353504039,3187.15353504039
-3390.61287231433,3237.15395572241,3237.15395572241
-3746.88802469363,3273.15372033685,3273.15372033685
-4086.95604811472,3294.99551310846,3294.99551310846
-4409.34376441906,3302.58307009193,3302.58307009193
-4712.65391808547,3295.88162318682,3295.88162318682
-4995.57122093512,3274.91808300271,3274.91808300271
-5256.86805458627,3239.78095923445,3239.78095923445
-5495.4098059645,3190.62001825715,3190.62001825715
-5710.15981253276,3127.64567871691,3127.64567871691
-5900.18389538911,3051.12814696319,3051.12814696319
-6064.6544599355,2961.39629524823,2961.39629524823
-6202.85414549309,2858.83628669793,2858.83628669793
-6314.17900700409,2743.88995213389,2743.88995213389
-6398.1412138095,2617.05292489693,2617.05292489693
-6454.37125243229,2478.87254087983,2478.87254087983
-6482.61962231279,2329.9455120194,2329.9455120194
-6482.75801553527,2170.91538251954,2170.91538251954
-6454.77997374234,2002.46977807068,2002.46977807068
-6398.8010176504,1825.33745929698,1825.33745929698
-6315.05824684592,1640.28519158916,1640.28519158916
-6203.90940984835,1448.11444436556,1448.11444436556
-6065.8314467647,1249.65793364657,1249.65793364657
-5901.41850921589,1045.77602260923,1045.77602260923
-5711.37946458095,837.352995519549,837.352995519549
-5496.53489396881,625.293221107422,625.293221107422
-5257.81359567328,410.517222045748,410.517222045748
-4996.24860818049,193.957667717812,193.957667717812
-4712.97276908268,-23.4446920860793,-23.4446920860793
-4409.21382846502,-240.745134541886,-240.745134541886
-4086.28913749211,-456.999093944368,-456.999093944368
-3745.59993498917,-671.266296155016,-671.266296155016
-3388.62525679295,-882.614878753645,-882.614878753645
-3016.91549451984,-1090.12547828689,-1090.12547828689
-2632.08563214375,-1292.89526609005,-1292.89526609005
-2235.80819041032,-1490.04191432473,-1490.04191432473
-1829.80591057728,-1680.7074741519,-1680.7074741519
-1415.84421031005,-1864.06214831483,-1864.06214831483
-995.723445720791,-2039.30794086507,-2039.30794086507
-571.271014534958,-2205.6821673097,-2205.6821673097
-144.333336191302,-2362.46080909114,-2362.46080909114
283.232254684344,-2508.96169703081,-2508.96169703081
709.565664546262,-2644.5475091696,-2644.5475091696
1132.81220978495,-2768.62856931208,-2768.62856931208
1551.13076096514,-2880.66543353364,-2880.66543353364
1962.70182535371,-2980.17125292065,-2980.17125292065
2365.73553097854,-3066.71390189213,-3066.71390189213
2758.47947595451,-3139.91786257567,-3139.91786257567
3139.22640752093,-3199.46585688758,-3199.46585688758
3506.32169610091,-3245.10021917894,-3245.10021917894
3858.17057074152,-3276.62400355467,-3276.62400355467
4193.2450835389,-3293.90182124602,-3293.90182124602
4510.09077197327,-3296.86040469719,-3296.86040469719
4807.33298967947,-3285.48889632953,-3285.48889632953
5083.68287776528,-3259.83886123865,-3259.83886123865
5337.94295064931,-3220.024024374,-3220.024024374
5569.01227224679,-3166.21973402787,-3166.21973402787
5775.89120037593,-3098.66215471813,-3098.66215471813
5957.68567933485,-3017.64719378231,-3017.64719378231
6113.61106279406,-2923.52916719594,-2923.52916719594
6242.99545137891,-2816.71921128918,-2816.71921128918
6345.28253161329,-2697.68344814995,-2697.68344814995
6420.03390522515,-2566.94091356601,-2566.94091356601
6466.93090016653,-2425.06125737057,-2425.06125737057
6485.77585706788,-2272.66222700793,-2272.66222700793
6476.49288721033,-2110.4069460278,-2110.4069460278
6439.12810045302,-1939.00100004376,-1939.00100004376
6373.84930388256,-1759.18934345189,-1759.18934345189
6280.94517424678,-1571.75304089536,-1571.75304089536
6160.8239094883,-1377.50585808417,-1377.50585808417
6014.01136689094,-1177.29071712527,-1177.29071712527
5841.14869749271,-971.976032000262,-971.976032000262
5642.98948848692,-762.45194023038,-762.45194023038
5420.39642732622,-549.626447102239,-549.626447102239
5174.33750315679,-334.421499091725,-334.421499091725
4905.88176303618,-117.769003316422,-117.769003316422
4616.19464211653,99.3931900341309,99.3931900341309
4306.53288861576,316.125325281655,316.125325281655
3978.23910593256,531.489781862168,531.489781862168
3632.73593569681,744.55510102973,744.55510102973
3271.51990687778,954.399981880345,954.399981880345
2896.15497729236,1160.11723011762,1160.11723011762
2508.26579497121,1360.81764323957,1360.81764323957
2109.53070784783,1555.63381614156,1555.63381614156
1701.67455112685,1743.72385150279,1743.72385150279
1286.46124247541,1924.27495974681,1924.27495974681
865.686215852524,2096.50693384142,2096.50693384142
441.168725352537,2259.67548472861,2259.67548472861
14.7440508897588,2413.07542374444,2413.07542374444
-411.744362109723,2556.0436790058,2556.0436790058
-836.452796618927,2687.96213340064,2687.96213340064
-1257.54515901576,2808.26027251866,2808.26027251866
-1673.20084267359,2916.41763159994,2916.41763159994
-2081.62252773752,3011.96603135836,3011.96603135836
-2481.04388489761,3094.4915933485,3094.4915933485
-2869.73715131925,3163.63652639755,3163.63652639755
-3246.02054731268,3219.10067649956,3219.10067649956
-3608.26550289988,3260.64283348525,3260.64283348525
-3954.90366407534,3288.08178871574,3288.08178871574
-4284.43364937986,3301.29713902007,3301.29713902007
-4595.42752822728,3300.22983307907,3300.22983307907
-4886.53699350091,3284.88245747616,3284.88245747616
-5156.49920196736,3255.3192606614,3255.3192606614
-5404.14225733377,3211.66591412346,3211.66591412346
-5628.39031205178,3154.10901112369,3154.10901112369
-5828.26826542728,3082.89530441505,3082.89530441505
-6002.90603710535,2998.33068544669,2998.33068544669
-6151.54239664308,2900.77890863191,2900.77890863191
-6273.52833160049,2790.66006533551,2790.66006533551
-6368.32993839661,2668.4488133119,2668.4488133119
-6435.5308220897,2534.67236838414,2534.67236838414
-6474.8339932213,2389.90826620654,2389.90826620654
-6486.06325193045,2234.78190298215,2234.78190298215
-6469.16405167676,2069.96386501211,2069.96386501211
-6424.20383710491,1896.16705793194,1896.16705793194
-6351.37185283106,1714.14364743034,1714.14364743034
-6250.97842222453,1524.6818241529,1524.6818241529
-6123.45369758331,1328.6024063458,1328.6024063458
-5969.34588545321,1126.75529460626,1126.75529460626
-5789.31895320544,920.015793858419,920.015793858419
-5584.14982535022,709.280818361749,709.280818361749
-5354.72508041801,495.464996185374,495.464996185374
-5102.037161574,279.496690140179,279.496690140179
-4827.18011642042,62.3139526340357,62.3139526340357
-4531.34488369137,-155.139567677775,-155.139567677775
-4215.81414672191,-371.918749262338,-371.918749262338
-3881.95677568309,-587.081132679381,-587.081132679381
-3531.22188258778,-799.691048593086,-799.691048593086
-3165.1325149919,-1008.82372021225,-1008.82372021225
-2785.2790161094,-1213.56932159204,-1213.56932159204
-2393.31208073979,-1413.03697336298,-1413.03697336298
-1990.93553793741,-1606.35865768671,-1606.35865768671
-1579.89889274623,-1792.69303456001,-1792.69303456001
-1161.98966054565,-1971.22914201126,-1971.22914201126
-739.025528626123,-2141.18996323857,-2141.18996323857
-312.846380490673,-2301.83584434454,-2301.83584434454
114.6937809,-2452.46774700244,-2452.46774700244
541.734974208178,-2592.43032116232,-2592.43032116232
966.419408056311,-2721.11478375049,-2721.11478375049
1386.89963941046,-2837.96159023748,-2837.96159023748
1801.34668485308,-2942.46288693942,-2942.46288693942
2207.95804782709,-3034.16473296802,-3034.16473296802
2604.96562537614,-3112.6690818543,-3112.6690818543
2990.6434585174,-3177.63551402521,-3177.63551402521
3363.31529119697,-3228.78271251352,-3228.78271251352
3721.36190376351,-3265.889675515,-3265.889675515
4063.22818802507,-3288.79666066534,-3288.79666066534
4387.42993231895,-3297.40585719583,-3297.40585719583
4692.56028642158,-3291.68178341283,-3291.68178341283
4977.29587781705,-3271.65140824993,-3271.65140824993
5240.40255250909,-3237.40399693232,-3237.40399693232
5480.74071548836,-3189.09068207821,-3189.09068207821
5697.27024789068,-3126.92376283024,-3126.92376283024
5889.05497998145,-3051.17573584961,-3051.17573584961
6055.2667012269,-2962.17806322106,-2962.17806322106
6195.18869094723,-2860.31968348832,-2860.31968348832
6308.21875530838,-2746.04527317615,-2746.04527317615
6393.87175873433,-2619.85326723597,-2619.85326723597
6451.78164015988,-2482.29364788947,-2482.29364788947
6481.70290691192,-2333.96551231689,-2333.96551231689
6483.51160137066,-2175.51443055547,-2175.51443055547
6457.20573792245,-2007.62960582465,-2007.62960582465
6402.90521005605,-1831.0408502828,-1831.0408502828
6320.85116976431,-1646.51538993767,-1646.51538993767
6211.40488368382,-1454.85451308141,-1454.85451308141
6075.04607262667,-1256.89007720067,-1256.89007720067
5912.3707433211,-1053.48088981541,-1053.48088981541
5724.08852327614,-845.508979137156,-845.508979137156
5511.01951170867,-633.875770796913,-633.875770796913
5274.09066141665,-419.49818718493,-419.49818718493
5014.33170834223,-203.304686164409,-203.304686164409
4732.87066733557,13.7687439307194,13.7687439307194
4430.92891430855,230.78261601916,230.78261601916
4109.81587654001,446.797985710745,446.797985710745
3770.92335437151,660.880485503153,660.880485503153
3415.71949890386,872.104334894427,872.104334894427
3045.74247156586,1079.5563097474,1079.5563097474
2662.59381259368,1282.33965447279,1282.33965447279
2267.93154649118,1479.57792090084,1479.57792090084
1863.46305349835,1670.41871805056,1670.41871805056
1450.93773691087,1854.03735741602,1854.03735741602
1032.13951681193,2029.64037884309,2029.64037884309
608.879181391801,2196.46894257095,2196.46894257095
182.986627507929,2353.80207357281,2353.80207357281
-243.696977459618,2500.95974492019,2500.95974492019
-669.32708014893,2637.305787545,2637.305787545
-1092.06363967345,2762.25061445354,2762.25061445354
-1510.07900747861,2875.25374817507,2875.25374817507
-1921.56575613456,2975.82614098805,2975.82614098805
-2324.74442478715,3063.53227827047,3063.53227827047
-2717.87114927255,3137.99205615445,3137.99205615445
-3099.24514529751,3198.88242553334,3198.88242553334
-3467.21601360557,3245.93879537058,3245.93879537058
-3820.19083665728,3278.95618918593,3278.95618918593
-4156.64103711165,3297.79014955385,3297.79014955385
-4475.10896920149,3302.35738642521,3302.35738642521
-4774.2142150996,3292.63616609043,3292.63616609043
-5052.65955937745,3268.66643862284,3268.66643862284
-5309.23661589892,3230.54970268196,3230.54970268196
-5542.8310827009,3178.44860761286,3178.44860761286
-5752.42760186479,3112.58629383995,3112.58629383995
-5937.11420281728,3033.24547363282,3033.24547363282
-6096.08630912807,2940.76725539507,2940.76725539507
-6228.65029053888,2835.5497157089,2835.5497157089
-6334.2265437469,2718.04622444261,2718.04622444261
-6412.35208733672,2588.7635292956,2588.7635292956
-6462.68265820947,2448.25960721126,2448.25960721126
-6484.99429889339,2297.14129112433,2297.14129112433
-6479.18442722483,2136.06168152843,2136.06168152843
-6445.27238206073,1965.71735333467,1965.71735333467
-6383.39944091126,1786.84536945364,1786.84536945364
-6293.82830765638,1600.22011344663,1600.22011344663
-6176.94207082596,1406.64995447519,1406.64995447519
-6033.24263526264,1206.97375859824,1206.97375859824
-5863.3486323497,1002.05726124803,1002.05726124803
-5667.99281635061,792.789316427946,792.789316427946
-5448.01895676586,580.078038826684,580.078038826684
-5204.3782389542,364.846855627548,364.846855627548
-4938.1251875798,148.030485304796,148.030485304796
-4650.41312970429,-69.4291388765634,-69.4291388765634
-4342.48921655952,-286.586982582148,-286.586982582148
-4015.68902516866,-502.49904301518,-502.49904301518
-3671.43076303962,-716.226481893083,-716.226481893083
-3311.20910110925,-926.839740192413,-926.839740192413
-2936.5886619652,-1133.42261606479,-1133.42261606479
-2549.19719210012,-1335.0762874247,-1335.0762874247
-2150.71844853502,-1530.92326090858,-1530.92326090858
-1742.88483160941,-1720.11122918554,-1720.11122918554
-1327.46979701992,-1901.81681898698,-1901.81681898698
-906.28008132131,-2075.24921269552,-2075.24921269552
-481.147776065286,-2239.65362689691,-2239.65362689691
-53.9222865286313,-2394.31463195314,-2394.31463195314
373.537788417524,-2538.55929739026,-2538.55929739026
799.372818337248,-2671.76014871133,-2671.76014871133
1221.73030798232,-2793.33792213866,-2793.33792213866
1638.77303156572,-2902.76410475178,-2902.76410475178
2048.68709752204,-2999.56324851538,-2999.56324851538
2449.68990708033,-3083.31504777819,-3083.31504777819
2840.0379705251,-3153.65617096179,-3153.65617096179
3218.03454575112,-3210.28183834137,-3210.28183834137
3582.03706463762,-3252.94713904231,-3252.94713904231
3930.46431385044,-3281.46808162685,-3281.46808162685
4261.8033379243,-3295.7223739188,-3295.7223739188
4574.61603391205,-3295.64992900574,-3295.64992900574
4867.54540841111,-3281.25309565171,-3281.25309565171
5139.32146949203,-3252.59661265257,-3252.59661265257
5388.76672787155,-3209.80728795342,-3209.80728795342
5614.80128357944,-3153.07340462439,-3153.07340462439
5816.44747643463,-3082.64385704074,-3082.64385704074
5992.83408073092,-2998.82702184119,-2998.82702184119
6143.20002674482,-2901.98936942673,-2901.98936942673
6266.89763392302,-2792.55382291331,-2792.55382291331
6363.39534291125,-2670.99787255505,-2670.99787255505
6432.27993591914,-2537.85145471011,-2537.85145471011
6473.2582372745,-2393.6946054195,-2393.6946054195
6486.15828838691,-2239.15489960934,-2239.15489960934
6470.9299937034,-2074.90468780548,-2074.90468780548
6427.64523658805,-1901.65814306227,-1901.65814306227
6356.49746638108,-1720.16813155343,-1720.16813155343
6257.80076018003,-1531.22292094814,-1531.22292094814
6131.98836512759,-1335.64274130308,-1335.64274130308
5979.61072917831,-1134.27621373488,-1134.27621373488
5801.33303043869,-927.99666259794,-927.99666259794
5597.93221723228,-717.698327287201,-717.698327287201
5370.29357301524,-504.292490099801,-504.292490099801
5119.40682216407,-288.703536840327,-288.703536840327
4846.36179445999,-71.8649670289344,-71.8649670289344
4552.34366780832,145.284629318425,145.284629318425
4238.62781034894,361.805611326365,361.805611326365
3906.57424462338,576.761326331501,576.761326331501
3557.62175788362,789.2221314917,789.2221314917
3193.28168392672,998.269381193718,998.269381193718
2815.13138305024,1202.99936372547,1202.99936372547
2424.80744779889,1402.5271709603,1402.5271709603
2023.99866317455,1595.99048511677,1595.99048511677
1614.43875083418,1782.55326705094,1782.55326705094
1197.89892757418,1961.40933096552,1961.40933096552
776.180309046398,2131.78579090785,2131.78579090785
351.106190178623,2292.94636496674,2292.94636496674
-75.4857657824595,2444.19452365114,2444.19452365114
-501.751397390982,2584.8764695663,2584.8764695663
-925.847941855446,2714.38393616726,2714.38393616726
-1345.94192611057,2832.15679408046,2832.15679408046
-1760.21701961173,2937.68545423291,2937.68545423291
-2166.88181648424,3030.51305781329,3030.51305781329
-2564.17751491225,3110.23744391355,3110.23744391355
-2950.38546199453,3176.51288655195,3176.51288655195
-3323.83453277159,3229.05159366855,3229.05159366855
-3682.9083127079,3267.6249616012,3267.6249616012
-4026.05205358058,3292.06457949265,3292.06457949265
-4351.7793735726,3302.2629790559,3302.2629790559
-4658.6786732135,3298.17412611295,3298.17412611295
-4945.41923990888,3279.81365134328,3279.81365134328
-5210.75701485209,3247.25881870892,3247.25881870892
-5453.53999742014,3200.64823107313,3200.64823107313
-5672.71326344273,3140.18127359332,3140.18127359332
-5867.32357522595,3066.11729653684,3066.11729653684
-6036.52356273118,2978.77454024956,2978.77454024956
-6179.57545698122,2878.52880608203,2878.52880608203
-6295.85435849824,2765.81187815824,2765.81187815824
-6384.85102542036,2641.10970194187,2641.10970194187
-6446.17416786514,2504.96032661521,2504.96032661521
-6479.5522371122,2357.95161933214,2357.95161933214
-6484.83470025617,2200.7187604312,2200.7187604312
-6461.99279312765,2033.94152969549,2033.94152969549
-6411.11974648581,1858.34139471576,1858.34139471576
-6332.43048274461,1674.67841334805,1674.67841334805
-6226.2607827952,1483.74796315275,1483.74796315275
-6093.06592481812,1286.37731154478,1286.37731154478
-5933.41879933505,1083.42204118719,1083.42204118719
-5748.00750711413,875.762345896251,875.762345896251
-5537.63244890632,664.29921300436,664.29921300436
-5303.20291833859,449.95050873666,449.95050873666
-5045.73321162001,233.646983702355,233.646983702355
-4766.33826999247,16.3282160560565,16.3282160560565
-4466.22887309761,-201.061489724807,-201.061489724807
-4146.70640359629,-417.577230203455,-417.577230203455
-3809.15720546347,-632.277638033468,-632.277638033468
-3455.04656038077,-844.229006114713,-844.229006114713
-3085.91230853503,-1052.50938224772,-1052.50938224772
-2703.35814191773,-1256.21261573378,-1256.21261573378
-2309.04659984633,-1454.45233753553,-1454.45233753553
-1904.69179795642,-1646.36585585113,-1646.36585585113
-1492.05192325162,-1831.11794930968,-1831.11794930968
-1072.92152900221,-2007.90454042887,-2007.90454042887
-649.123664311452,-2175.95623250522,-2175.95623250522
-222.50187401041,-2334.54169372964,-2334.54169372964
205.087894773151,-2482.97087301829,-2482.97087301829
631.785442556893,-2620.5980328409,-2620.5980328409
1055.73448683876,-2746.82458518763,-2746.82458518763
1475.09081361305,-2861.1017177547,-2861.1017177547
1888.03037394209,-2962.93279842959,-2962.93279842959
2292.75728874436,-3051.87554722183,-3051.87554722183
2687.51172544017,-3127.54396590503,-3127.54396590503
3070.57761074331,-3189.6100167988,-3189.6100167988
3440.29014474568,-3237.80504333028,-3237.80504333028
3795.04308245845,-3271.92092625313,-3271.92092625313
4133.29575014058,-3291.81097066634,-3291.81097066634
4453.57976513985,-3297.3905202638,-3297.3905202638
4754.50542940643,-3288.63729653506,-3288.63729653506
5034.76776855347,-3265.59146193914,-3265.59146193914
5293.15219003216,-3228.35540736454,-3228.35540736454
5528.53973594626,-3177.09326546903,-3177.09326546903
5739.91190796453,-3112.03015275784,-3112.03015275784
5926.35504392,-3033.4511444915,-3033.4511444915
6087.0642278178,-2941.69998772302,-2941.69998772302
6221.34671722198,-2837.17755892813,-2837.17755892813
6328.62487426744,-2720.34007381706,-2720.34007381706
6408.43858887008,-2591.69705798913,-2591.69705798913
6460.44718505607,-2451.80908811389,-2451.80908811389
6484.43080369639,-2301.28531428661,-2301.28531428661
6480.29125729959,-2140.7807751073,-2140.7807751073
6448.05235487038,-1970.99351787349,-1970.99351787349
6387.85969717728,-1792.66153704703,-1792.66153704703
6299.97994507548,-1606.55954486323,-1606.55954486323
6184.79956579048,-1413.49558857754,-1413.49558857754
6042.82306428074,-1214.30752941716,-1214.30752941716
5874.67070894376,-1009.85939878595,-1009.85939878595
5681.07576301576,-801.037647697105,-801.037647697105
5462.881235021,-588.747305751063,-588.747305751063
5221.03616355709,-373.908066254938,-373.908066254938
4956.59145353647,-157.450314277975,-157.450314277975
4670.69528276402,59.6888854171703,59.6888854171703
4364.58809937552,276.569823569523,276.569823569523
4039.5972322225,492.254187737707,492.254187737707
3697.1311377402,705.809092803315,705.809092803315
3338.67330818383,916.311083850633,916.311083850633
2965.77586736304,1122.85009480079,1122.85009480079
2580.0528811338,1324.53334643039,1324.53334643039
2183.17341093972,1520.48916770568,1520.48916770568
1776.85433960184,1709.87072472932,1709.87072472932
1362.85299936582,1891.8596420082,1891.8596420082
942.959632908555,2065.66950121676,2065.66950121676
518.989718582988,2230.54920314785,2230.54920314785
92.7761916581239,2385.78617910228,2385.78617910228
-333.838406338335,2530.70943857929,2530.70943857929
-759.009817812217,2664.69244077941,2664.69244077941
-1180.89996633922,2787.15577812651,2787.15577812651
-1597.68482842443,2897.56966074766,2897.56966074766
-2007.56224736052,2995.45619162323,2995.45619162323
-2408.75965694509,3080.39142292363,3080.39142292363
-2799.54168314978,3152.00718489716,3152.00718489716
-3178.21759223247,3209.99267954253,3209.99267954253
-3543.14855434143,3254.09583221065,3254.09583221065
-3892.75469228364,3284.12439521075,3284.12439521075
-4225.52188590933,3299.9467984605,3299.9467984605
-4540.00830340644,3301.49274320247,3301.49274320247
-4834.85063180943,3288.75353581909,3288.75353581909
-5108.76998006916,3261.78215980383,3261.78215980383
-5360.57742928486,3220.69308499009,3220.69308499009
-5589.17920593548,3165.66181419864,3165.66181419864
-5793.58145542028,3096.92416852852,3096.92416852852
-5972.89459467637,3014.77531359632,3014.77531359632
-6126.33722428719,2919.56853010395,2919.56853010395
-6253.23958218825,2811.71373319384,2811.71373319384
-6353.04652287839,2691.67574612756,2691.67574612756
-6425.32000794041,2559.97233488453,2559.97233488453
-6469.74109564196,2417.1720113327,2417.1720113327
-6486.11141943989,2263.89161365636,2263.89161365636
-6474.35414733235,2100.79367373549,2100.79367373549
-6434.51441618544,1928.58358215587,1928.58358215587
-6366.75923740044,1748.00656247603,1748.00656247603
-6271.37687257293,1559.84446729132,1559.84446729132
-6148.77568011461,1364.91240949664,1364.91240949664
-5999.48243615736,1164.05524297222,1164.05524297222
-5824.14013541991,958.143907675434,958.143907675434
-5623.50528008511,748.071654827518,748.071654827518
-5398.44466708816,534.750168516373,534.750168516373
-5149.93168655924,319.105600613299,319.105600613299
-4879.04214645745,102.074536385625,102.074536385625
-4586.94964069612,-115.400091388398,-115.400091388398
-4274.92048024602,-332.373121670917,-332.373121670917
-3944.3082088309,-547.90129939686,-547.90129939686
-3596.54772685725,-761.047406148555,-761.047406148555
-3233.14904916171,-970.884368661375,-970.884368661375
-2855.69072397507,-1176.49932657851,-1176.49932657851
-2465.81294220278,-1376.99764099001,-1376.99764099001
-2065.21036768582,-1571.5068255039,-1571.5068255039
-1655.62472051765,-1759.18038190736,-1759.18038190736
-1238.83714675499,-1939.20152287602,-1939.20152287602
-816.660408957265,-2110.78676468209,-2110.78676468209
-390.930932901137,-2273.18937343991,-2273.18937343991
36.499253426903,-2425.70264909156,-2425.70264909156
463.770651911245,-2567.66303209458,-2567.66303209458
889.024460438389,-2698.4530186047,-2698.4530186047
1310.41073588099,-2817.50387085513,-2817.50387085513
1726.0965167527,-2924.29811041139,-2924.29811041139
2134.27386855698,-3018.37178302011,-3018.37178302011
2533.16781526311,-3099.31648487114,-3099.31648487114
2921.04412091476,-3166.78114123618,-3166.78114123618
3296.216886164,-3220.47352964334,-3220.47352964334
3657.05592546791,-3260.16154097268,-3260.16154097268
4001.99389180587,-3285.6741731148,-3285.6741731148
4329.5331170621,-3296.90225311268,-3296.90225311268
4638.25213766497,-3293.79888499892,-3293.79888499892
4926.81187665652,-3276.37962183688,-3276.37962183688
5193.96145507378,-3244.7223617707,-3244.7223617707
5438.5436073989,-3198.96696917447,-3198.96696917447
5659.49967773727,-3139.31462326437,-3139.31462326437
5855.874175487,-3066.02689778052,-3066.02689778052
6026.81887135444,-2979.4245765678,-2979.4245765678
6171.59641680149,-2879.88621106405,-2879.88621106405
6289.58347226397,-2767.84642684741,-2767.84642684741
6380.27333179602,-2643.79398748519,-2643.79398748519
6443.27803412964,-2508.26962497424,-2508.26962497424
6478.3299525052,-2361.86364704513,-2361.86364704513
6485.2828579915,-2205.21333253279,-2205.21333253279
6464.11245337716,-2039.00012687956,-2039.00012687956
6414.91637705867,-1863.94665063546,-1863.94665063546
6337.91367866793,-1680.81353455351,-1680.81353455351
6233.44377045919,-1490.39609553506,-1490.39609553506
6101.96486070847,-1293.52086827813,-1293.52086827813
5944.0518775511,-1091.04200799376,-1091.04200799376
5760.39389379298,-883.837580005902,-883.837580005902
5551.79106527136,-672.805752426681,-672.805752426681
5319.15109729944,-458.860908400951,-458.860908400951
5063.48525560259,-242.929694644634,-242.929694644634
4785.90393994423,-25.947023168737,-25.947023168737
4487.61184032828,191.147956829266,191.147956829266
4169.90269726098,407.415899896711,407.415899896711
3834.15368904875,621.921301108867,621.921301108867
3481.8194704982,833.736511836731,833.736511836731
3114.42588866978,1041.94571779691,1041.94571779691
2733.56340251357,1245.64886290633,1245.64886290633
2340.8802342826,1443.96550274895,1443.96550274895
1938.07528158149,1636.03857179891,1636.03857179891
1526.89081974938,1821.03804894231,1821.03804894231
1109.10502502255,1998.16450628033,1998.16450628033
686.524349540806,2166.65252669663,2166.65252669663
260.975779776408,2325.77397621515,2325.77397621515
-165.700989626779,2474.84111776233,2474.84111776233
-591.661434333442,2613.20955358599,2613.20955358599
-1015.06409865955,2740.28098425749,2740.28098425749
-1434.07848125718,2855.50577290316,2855.50577290316
-1846.8928756639,2958.38530406752,2958.38530406752
-2251.722133394,3048.47412740404,3048.47412740404
-2646.81531751473,3125.38187721853,3125.38187721853
-3030.46321503409,3188.77495975338,3188.77495975338
-3401.00567691103,3238.37800099367,3238.37800099367
-3756.83875510437,3273.97504870059,3273.97504870059
-4096.42160679357,3295.41052332846,3295.41052332846
-4418.28313671134,3302.58991345656,3302.58991345656
-4721.02834949014,3295.48021236876,3295.48021236876
-5003.34438494512,3274.1100934308,3274.1100934308
-5264.00621037428,3238.56982295486,3238.56982295486
-5501.88194523613,3189.01091029076,3189.01091029076
-5715.93779489486,3125.64549595138,3125.64549595138
-5905.24257163584,3048.74547964775,3048.74547964775
-6068.97178269357,2958.64139119099,2958.64139119099
-6206.41126672053,2855.72100829582,2855.72100829582
-6316.96036188688,2740.42772639642,2740.42772639642
-6400.13459065585,2613.25868665475,2613.25868665475
-6455.56784821971,2474.76266939983,2474.76266939983
-6483.0140836029,2325.53776127711,2325.53776127711
-6482.34846453143,2166.2288054085,2166.2288054085
-6453.56801932813,1997.52464485659,1997.52464485659
-6396.79175131088,1820.15517065131,1820.15517065131
-6312.26022343918,1634.8881865632,1634.8881865632
-6200.33461326107,1442.52610368964,1442.52610368964
-6061.49524055287,1243.90247876371,1243.90247876371
-5896.33957239903,1039.87841087287,1039.87841087287
-5705.57971282617,831.338812005892,831.338812005892
-5490.03938646794,619.188567510223,619.188567510223
-5250.65042808363,404.348603138259,404.348603138259
-4988.44879206463,187.751875879532,187.751875879532
-4704.57009834776,-29.6606937677246,-29.6606937677246
-4400.24473336423,-246.944330075848,-246.944330075848
-4076.79252681136,-463.154532620376,-463.154532620376
-3735.61702710026,-677.351210577697,-677.351210577697
-3378.19940030882,-888.602802194599,-888.602802194599
-3006.09197934053,-1095.99036082333,-1095.99036082333
-2620.91149172804,-1298.61158900318,-1298.61158900318
-2224.33199615428,-1495.58480223645,-1495.58480223645
-1818.07755922007,-1686.05280438777,-1686.05280438777
-1403.9147053215,-1869.18665699396,-1869.18665699396
-983.644673660662,-2044.18932522942,-2044.18932522942
-559.095517392823,-2210.2991838256,-2210.2991838256
-132.114080743601,-2366.79336687208,-2366.79336687208
295.442109453067,-2512.99094615446,-2512.99094615446
721.713000898044,-2648.25592348489,-2648.25592348489
1144.84418449606,-2772.0000233588,-2772.0000233588
1562.9950373437,-2883.68527322495,-2883.68527322495
1974.34680295141,-2982.82635966889,-2982.82635966889
2377.11057195357,-3068.99274989011,-3068.99274989011
2769.53512705589,-3141.81056897749,-3141.81056897749
3149.91461669359,-3200.96422466894,-3200.96422466894
3516.59602273049,-3246.19777249011,-3246.19777249011
3867.98638860118,-3277.31601541755,-3277.31601541755
4202.55977552324,-3294.18533348076,-3294.18533348076
4518.863915763,-3296.734240003,-3296.734240003
4815.52653350583,-3284.95366247993,-3284.95366247993
5091.2613055187,-3258.89694738911,-3258.89694738911
5344.87343559845,-3218.67958951688,-3218.67958951688
5575.26481872327,-3164.4786876645,-3164.4786876645
5781.43877280855,-3096.53212985588,-3096.53212985588
5962.50431810184,-3015.13751239643,-3015.13751239643
6117.67998641117,-2920.65079833149,-2920.65079833149
6246.29714461045,-2813.48472201099,-2813.48472201099
6347.8028191612,-2694.10694757792,-2694.10694757792
6421.76201071444,-2563.03799026476,-2563.03799026476
6467.85949021561,-2420.84891038931,-2420.84891038931
6485.90107029887,-2268.15879089307,-2268.15879089307
6475.81434812205,-2105.63201015557,-2105.63201015557
6437.64891814652,-1933.97532264213,-1933.97532264213
6371.57605569493,-1753.93476070314,-1753.93476070314
6277.88787441393,-1566.29237152694,-1566.29237152694
6156.9959630215,-1371.86280387547,-1371.86280387547
6009.42950891355,-1171.48975976989,-1171.48975976989
5835.83291834389,-966.04232677741,-966.04232677741
5636.96294495577,-756.411206947477,-756.411206947477
5413.68534043905,-543.504858783667,-543.504858783667
5166.9710429889,-328.245568889537,-328.245568889537
4897.89192107516,-111.565470128353,-111.565470128353
4607.61609174777,105.597476755567,105.597476755567
4297.40283434953,322.303521041729,322.303521041729
3968.59712203256,537.615162473796,537.615162473796
3622.62379491141,750.60117731801,750.60117731801
3260.98140000816,960.34061326638,960.34061326638
2885.23572436836,1165.92673661049,1165.92673661049
2497.01304883592,1366.47091537397,1366.47091537397
2097.99315097681,1561.10642240956,1561.10642240956
1689.90208653336,1748.9921428389,1748.9921428389
1274.5047795739,1929.31617063797,1929.31617063797
853.59745216852,2101.29927964926,2101.29927964926
428.999924983972,2264.19825482512,2264.19825482512
2.54782063522174,2417.3090700802,2417.3090700802
-423.915298034679,2559.96989974878,2559.96989974878
-848.545822347122,2691.56395130145,2691.56395130145
-1269.50799234747,2811.52210768023,2811.52210768023
-1684.98175902176,2919.32536835084,2919.32536835084
-2093.17058177141,3014.50707895051,3014.50707895051
-2492.30912897886,3096.65494022735,3096.65494022735
-2880.67084981488,3165.41278781228,3165.41278781228
-3256.57538590398,3220.48213525155,3220.48213525155
-3618.39579200499,3261.62347363568,3261.62347363568
-3964.56553555379,3288.65732210456,3288.65732210456
-4293.58524565747,3301.46502447047,3301.46502447047
-4604.02918308075,3299.9892881973,3299.9892881973
-4894.55140369347,3284.23446298002,3284.23446298002
-5163.89158902741,3254.26655720349,3254.26655720349
-5410.88051875631,3210.21299160446,3210.21299160446
-5634.44516127062,3152.2620905212,3152.2620905212
-5833.61335993245,3080.66231218521,3080.66231218521
-6007.51809413679,2995.72122058477,2995.72122058477
-6155.40129593057,2897.8042025103,2897.8042025103
-6276.61720467299,2787.33293446947,2787.33293446947
-6370.6352440427,2664.78360522996,2664.78360522996
-6437.04240759868,2530.68490081468,2530.68490081468
-6475.54514109747,2385.6157598192,2385.6157598192
-6485.97071183159,2230.20290795256,2230.20290795256
-6468.26805738973,2065.11818170687,2065.11818170687
-6422.50810843484,1891.07565203737,1891.07565203737
-6348.88358234615,1708.8285598776,1708.8285598776
-6247.70824686294,1519.16607621194,1519.16607621194
-6119.41565519752,1322.90990029077,1322.90990029077
-5964.55735643413,1120.91071037388,1120.91071037388
-5783.8005873943,914.044482139672,914.044482139672
-5577.92545451557,703.208690589371,703.208690589371
-5347.82161664379,489.318411897331,489.318411897331
-5094.48448196565,273.302342208322,273.302342208322
-4819.01093460699,56.0987508668099,56.0987508668099
-4522.59460865944,-161.348614045327,-161.348614045327
-4206.52072958261,-378.094649666168,-378.094649666168
-3872.16054502994,-593.197033383369,-593.197033383369
-3520.96536916101,-805.720350373207,-805.720350373207
-3154.4602664157,-1014.74019503705,-1014.74019503705
-2774.23740251986,-1219.34722777013,-1219.34722777013
-2381.94909216785,-1418.65116863306,-1418.65116863306
-1979.30057435229,-1611.78470973429,-1611.78470973429
-1568.0425476989,-1797.90732845712,-1797.90732845712
-1149.96349939288,-1976.20898408461,-1976.20898408461
-726.881862329839,-2145.91368089416,-2145.91368089416
-300.638036028931,-2306.28288138653,-2306.28288138653
126.91369247544,-2456.61875401332,-2456.61875401332
553.91329100801,-2596.26724052897,-2596.26724052897
978.503150821937,-2724.62092894846,-2724.62092894846
1398.83624415121,-2841.12171901258,-2841.12171901258
1813.08423359211,-2945.26326805479,-2945.26326805479
2219.44549641009,-3036.59320621687,-3036.59320621687
2616.15302730076,-3114.71511106802,-3114.71511106802
3001.48218377833,-3179.29023284445,-3179.29023284445
3373.75823915641,-3230.03896272155,-3230.03896272155
3731.36370907935,-3266.74203776807,-3266.74203776807
4072.74541873706,-3289.24147749508,-3289.24147749508
4396.42127918009,-3297.44124818962,-3297.44124818962
4700.98674267135,-3291.30765252089,-3291.30765252089
4985.1209085701,-3270.86944320085,-3270.86944320085
5247.59225305538,-3236.21766077732,-3236.21766077732
5487.2639577919,-3187.50519692185,-3187.50519692185
5703.09881468408,-3124.94608583792,-3124.94608583792
5894.16368587393,-3048.81452766182,-3048.81452766182
6059.63350033354,-2959.44364893407,-2959.44364893407
6198.79477059481,-2857.22400639769,-2857.22400639769
6311.04861544911,-2742.60184150721,-2742.60184150721
6395.91327675689,-2616.0770941206,-2616.0770941206
6453.02612086202,-2478.2011848721,-2478.2011848721
6482.14511746152,-2329.57457670361,-2329.57457670361
6483.14979115206,-2170.84412694302,-2170.84412694302
6456.04164323141,-2002.70024217112,-2002.70024217112
6400.94404367313,-1825.87384890184,-1825.87384890184
6318.10159550178,-1641.13319381766,-1641.13319381766
6207.87897606653,-1449.28048795183,-1449.28048795183
6070.75926192811,-1251.14840977716,-1251.14840977716
5907.34174623821,-1047.59648267415,-1047.59648267415
5718.33925958517,-839.507342677905,-839.507342677905
5504.57500730109,-627.78291276398,-627.78291276398
5266.97893816643,-413.340500220727,-413.340500220727
5006.58366131171,-197.108833879469,-197.108833879469
4724.51992987312,19.9759418875765,19.9759418875765
4422.01171163786,236.974299404743,236.974299404743
4100.37086848627,452.947369159073,452.947369159073
3760.99146790856,666.960973542005,666.960973542005
3405.34375124496,878.0896360276,878.0896360276
3034.96778455579,1085.42054912932,1085.42054912932
2651.46681918772,1288.05748471149,1288.05748471149
2256.50039014242,1485.12463053058,1485.12463053058
1851.77718129087,1675.77033723089,1675.77033723089
1439.04768730613,1859.17076042264,1859.17076042264
1020.09670288978,2034.53338293165,2034.53338293165
596.735670483055,2201.10040281031,2201.10040281031
170.794918132824,2358.15197325839,2358.15197325839
-255.884180428721,2505.00928119835,2505.00928119835
-681.457091173944,2641.03745189725,2641.03745189725
-1104.084018157,2765.64826770978,2765.64826770978
-1521.93778236066,2878.30268974597,2878.30268974597
-1933.21164855398,2978.51317202964,2978.51317202964
-2336.12706789202,3065.84575851756,3065.84575851756
-2728.9413042637,3139.92195418205,3139.92195418205
-3109.95491281735,3200.4203622337,3200.4203622337
-3477.51903958539,3247.07808045634,3247.07808045634
-3830.04251176733,3279.69185055932,3279.69185055932
-4165.99868897558,3298.11895540822,3298.11895540822
-4483.93204656179,3302.27785997368,3302.27785997368
-4782.4644631485,3292.14859284593,3292.14859284593
-5060.30118551281,3267.7728661827,3267.7728661827
-5316.23644517092,3229.25393300129,3229.25393300129
-5549.15870229387,3176.75618177879,3176.75618177879
-5758.05549395666,3110.50446939336,3110.50446939336
-5942.0178652385,3030.78319451084,3030.78319451084
-6100.24436326842,2937.9351146008,2937.9351146008
-6232.04457600564,2832.35991084597,2832.35991084597
-6336.8421993331,2714.51250628063,2714.51250628063
-6414.1776179083,2584.90114356559,2584.90114356559
-6463.70998718065,2444.08522985749,2444.08522985749
-6485.21880601677,2292.67295727074,2292.67295727074
-6478.60497148489,2131.31870844432,2131.31870844432
-6443.89130952206,1960.72025771444,1960.72025771444
-6381.2225774372,1781.61577934942,1781.61577934942
-6290.86493647954,1594.78067522103,1594.78067522103
-6173.20489501819,1401.02423516355,1401.02423516355
-6028.74772522061,1201.18614409502,1201.18614409502
-5858.11535847856,996.132850751063,996.132850751063
-5662.04376719489,786.753813593479,786.753813593479
-5441.37984290707,573.957640109182,573.957640109182
-5197.07778305883,358.66813629077,358.66813629077
-4930.19500104627,141.820283604104,141.820283604104
-4641.88757642378,-75.6438388273812,-75.6438388273812
-4333.40526436528,-292.779168739752,-292.779168739752
-4006.08608561035,-508.641793603412,-508.641793603412
-3661.3505201744,-722.293083337533,-722.293083337533
-3300.6953300583,-932.803804259896,-932.803804259896
-2925.68703803363,-1139.25819567767,-1139.25819567767
-2537.95509130386,-1340.75799062481,-1340.75799062481
-2139.18474042789,-1536.42636244937,-1536.42636244937
-1731.10966533537,-1725.41177924445,-1725.41177924445
-1315.50438155548,-1906.89174849962,-1906.89174849962
-894.176460898199,-2080.07643483031,-2080.07643483031
-468.958601793695,-2244.21213420379,-2244.21213420379
-41.7005852569253,-2398.58458874184,-2398.58458874184
385.738846955316,-2542.52212691513,-2542.52212691513
811.500155025007,-2675.39861476412,-2675.39861476412
1233.731167414,-2796.63620467769,-2796.63620467769
1650.59521366296,-2905.70786922365,-2905.70786922365
2060.27918662492,-3002.13970855677,-3002.13970855677
2461.00149746812,-3085.51302101561,-3085.51302101561
2851.01988734638,-3155.4661276621,-3155.4661276621
3228.63906036528,-3211.69594269915,-3211.69594269915
3592.21810339634,-3253.9592829257,-3253.9592829257
3940.17765937549,-3282.07391063903,-3282.07391063903
4271.00682200304,-3295.91930567174,-3295.91930567174
4583.26972112864,-3295.43716353528,-3295.43716353528
4875.61176972449,-3280.63161794427,-3280.63161794427
5146.76554499348,-3251.5691872882,-3251.5691872882
5395.55627801116,-3208.37844590838,-3208.37844590838
5620.9069282256,-3151.24942231028,-3151.24942231028
5821.84282116469,-3080.4327276952,-3080.4327276952
5997.49582983094,-2996.23841941819,-2996.23841941819
6147.10808245322,-2899.03460516839,-2899.03460516839
6270.03518152034,-2789.24579481621,-2789.24579481621
6365.74892132065,-2667.35100797758,-2667.35100797758
6433.83949355385,-2533.88164639398,-2533.88164639398
6474.01717293388,-2389.4191412274,-2389.4191412274
6486.11347707044,-2234.59238630691,-2234.59238630691
6470.08179727959,-2070.07496923942,-2070.07496923942
6425.99749932223,-1896.5822131093,-1896.5822131093
6354.05749539154,-1714.8680422336,-1714.8680422336
6254.57929095724,-1525.72168611691,-1525.72168611691
6127.99951231418,-1329.96423635043,-1329.96423635043
5974.87192286821,-1128.44507173366,-1128.44507173366
5795.8649383163,-922.038167359908,-922.038167359908
5591.75865292716,-711.638303790048,-711.638303790048
5363.44139110448,-498.157192759538,-498.157192759538
5111.90580030675,-282.519536108346,-282.519536108346
4838.24450319894,-65.6590347977451,-65.6590347977451
4543.64532862349,151.485635013598,151.485635013598
4229.38614258637,367.974861826718,367.974861826718
3896.82930197242,582.87213760747,582.87213760747
3547.41575510646,795.248078651269,795.248078651269
3182.65881458941,1004.18441176706,1004.18441176706
2804.13762902327,1208.77790926233,1208.77790926233
2413.4903813441,1408.14425647368,1408.14425647368
2012.40724244018,1601.42183592916,1601.42183592916
1602.62310962145,1787.7754126006,1787.7754126006
1185.91016024944,1966.39970514898,1966.39970514898
764.070251485176,2136.52282855094,2136.52282855094
338.927197659977,2297.40959402454,2297.40959402454
-87.6810428248718,2448.36465276414,2448.36465276414
-513.910238831199,2588.73547061192,2588.73547061192
-937.917783623836,2717.91512146822,2717.91512146822
-1357.87058530008,2835.34488795227,2835.34488795227
-1771.95291801189,2940.51665857348,2940.51665857348
-2178.37420162574,3032.97511146287,3032.97511146287
-2575.3766777022,3112.31967553406,3112.31967553406
-2961.24295004683,3178.20626080299,3178.20626080299
-3334.30335854548,3230.34875048139,3230.34875048139
-3692.94315557607,3268.52024837748,3268.52024837748
-4035.60945500366,3292.55407608652,3292.55407608652
-4360.81792452237,3302.3445154195,3302.3445154195
-4667.1591930903,3297.84729252105,3297.84729252105
-4953.30494614984,3279.07980113682,3279.07980113682
-5218.01368253365,3246.12106352965,3246.12106352965
-5460.13610813632,3199.1114285916,3199.1114285916
-5678.62014282355,3138.25200776115,3138.25200776115
-5872.5155184729,3063.80385042825,3063.80385042825
-6040.9779476147,2976.08686158382,2976.08686158382
-6183.27284377847,2875.47846555295,2875.47846555295
-6298.77857640848,2762.41202072574,2762.41202072574
-6386.98924504714,2637.37499127087,2637.37499127087
-6447.51695940981,2500.90688287864,2500.90688287864
-6480.09361398284,2353.59695062297,2353.59695062297
-6484.57214785596,2196.08168805844,2196.08168805844
-6460.92728264883,2029.04210766617,2029.04210766617
-6409.2557335995,1853.20082373363,1853.20082373363
-6329.77589114223,1669.31894968528,1669.31894968528
-6222.82697260203,1478.19282277297,1478.19282277297
-6088.86764596902,1280.65056988574,1280.65056988574
-5928.47413006821,1077.54852902731,1077.54852902731
-5742.33777780569,869.767541751122,869.767541751122
-5531.26215153718,658.209132518615,658.209132518615
-5296.15960195431,443.791591555453,443.791591555453
-5038.04736420268,227.445978312998,227.445978312998
-4758.04318723706,10.1120631119266,10.1120631119266
-4457.3605146432,-207.265775081802,-207.265775081802
-4137.30323732394,-423.742676497324,-423.742676497324
-3799.26004053184,-638.377435555411,-638.377435555411
-3444.69836972431,-850.236624440238,-850.236624440238
-3075.15804160834,-1058.39868663529,-1058.39868663529
-2692.24452850395,-1261.95798188237,-1261.95798188237
-2297.62194581352,-1460.02876417215,-1460.02876417215
-1893.00577386682,-1651.74907463935,-1651.74907463935
-1480.15534677754,-1836.28453157437,-1836.28453157437
-1060.86614213046,-2012.83200020841,-2012.83200020841
-636.961906339672,-2180.62312546116,-2180.62312546116
-210.286651372751,-2338.92771145708,-2338.92771145708
217.303440810306,-2487.05693232764,-2487.05693232764
643.94816926811,-2624.36635960119,-2624.36635960119
1067.79148342149,-2750.25879234987,-2750.25879234987
1486.98963351279,-2864.18687719957,-2864.18687719957
1899.71926506378,-2965.65550631453,-2965.65550631453
2304.18542050625,-3054.22398253423,-3054.22398253423
2698.62941163226,-3129.50794195841,-3129.50794195841
3081.33652719055,-3191.18102544687,-3191.18102544687
3450.64354079151,-3238.97629170547,-3238.97629170547
3804.94598530674,-3272.68736587203,-3272.68736587203
4142.7051611672,-3292.16931878493,-3292.16931878493
4462.45484726678,-3297.33927339625,-3297.33927339625
4762.80768474819,-3288.1767360924,-3288.1767360924
5042.46120551724,-3264.72365197785,-3264.72365197785
5300.20347918073,-3227.08418447258,-3227.08418447258
5534.91835392208,-3175.42422085503,-3175.42422085503
5745.59026888503,-3109.97060664107,-3109.97060664107
5931.30861767517,-3031.0101129299,-3031.0101129299
6091.27164478957,-2938.88814204652,-2938.88814204652
6224.78985899759,-2834.00717797937,-2834.00717797937
6331.28894998856,-2716.82498923177,-2716.82498923177
6410.31219692479,-2587.8525927795,-2587.8525927795
6461.52235988897,-2447.65198884653,-2447.65198884653
6484.70304758063,-2296.83367717174,-2296.83367717174
6479.75955698044,-2136.05396634327,-2136.05396634327
6446.71918305823,-1966.01208861076,-1966.01208861076
6385.730998934,-1787.44713336077,-1787.44713336077
6297.06510920251,-1601.13481313705,-1601.13481313705
6181.11138139305,-1407.88407672579,-1407.88407672579
6038.37766274163,-1208.53358437908,-1208.53358437908
5869.48749160356,-1003.94806074576,-1003.94806074576
5675.17731491399,-795.014541491536,-795.014541491536
5456.2932251088,-582.638529934947,-582.638529934947
5213.78723184246,-367.740080299638,-367.740080299638
4948.71308568355,-151.249824390671,-151.249824390671
4662.22167270508,65.8950413732691,65.8950413732691
4355.5560005487,282.754791565102,282.754791565102
4030.04579808737,498.391212992898,498.391212992898
3687.10175226429,711.871634646381,711.871634646381
3328.20940703031,922.27292954164,922.27292954164
2954.92275054098,1128.68547185018,1128.68547185018
2568.85751791189,1330.21703294517,1330.21703294517
2171.68423783827,1525.99660031347,1525.99660031347
1765.12105231446,1715.17810363472,1715.17810363472
1350.92633948033,1896.9440327506,1896.9440327506
930.891170307249,2070.50893271625,2070.50893271625
506.831630431793,2235.12276163463,2235.12276163463
80.5810388914464,2390.07409754815,2390.07409754815
-346.017904111666,2534.69318126388,2534.69318126388
-771.121008055929,2668.35478264442,2668.35478264442
-1192.89048905975,2790.48087859179,2790.48087859179
-1609.50284043573,2900.54313168391,2900.54313168391
-2019.15664441922,2998.06515919917,2998.06515919917
-2420.08029283857,3082.62458306876,3082.62458306876
-2810.53958483111,3153.85485214606,3153.85485214606
-3188.84517010922,3211.44682905193,3211.44682905193
-3553.35980684308,3255.15013476704,3255.15013476704
-3902.50540384908,3284.77424507286,3284.77424507286
-4234.76981756736,3300.18933390989,3300.18933390989
-4548.71337513627,3301.32685970258,3301.32685970258
-4842.97509591066,3288.17989171347,3288.17989171347
-5116.2785847937,3260.80317451299,3260.80317451299
-5367.43757202363,3219.31292969698,3219.31292969698
-5595.36107529129,3163.88639504286,3163.88639504286
-5799.05816153822,3094.76110236005,3094.76110236005
-5977.6422872492,3012.23389637073,3012.23389637073
-6130.33519770039,2916.65969803115,2916.65969803115
-6256.47036731948,2808.45001678401,2808.45001678401
-6355.49596511876,2688.07121730785,2688.07121730785
-6426.97733106046,2556.04254739078,2556.04254739078
-6470.59895118267,2412.93393461017,2412.93393461017
-6486.16592136875,2259.36356053251,2259.36356053251
-6473.6048917661,2095.99522215657,2095.99522215657
-6432.9644860442,1923.53549130652,1923.53549130652
-6364.41519192292,1742.73068362804,1742.73068362804
-6268.2487216879,1554.36364975221,1554.36364975221
-6144.87684373114,1359.2504020543,1359.2504020543
-5994.82968850286,1158.2365912525,1158.2365912525
-5818.7535346237,952.193847852545,952.193847852545
-5617.40808327163,742.016004144447,742.016004144447
-5391.66323131206,528.615213091146,528.615213091146
-5142.49535597996,312.917981020806,312.917981020806
-4870.983126217,95.8611315191374,95.8611315191374
-4578.30285802663,-121.612281662483,-121.612281662483
-4265.72343339581,-338.557094542598,-338.557094542598
-3934.60080445673,-554.030167298258,-554.030167298258
-3586.37210658785,-767.094514564509,-767.094514564509
-3222.5494060907,-976.82341303295,-976.82341303295
-2844.71310989135,-1182.30446777014,-1182.30446777014
-2454.50506641552,-1382.64361879411,-1382.64361879411
-2053.62138833929,-1576.9690696669,-1576.9690696669
-1643.80502933396,-1764.43512016871,-1764.43512016871
-1226.83814817364,-1944.22588552606,-1944.22588552606
-804.534294669032,-2115.55888516017,-2115.55888516017
-378.730452800277,-2277.68848451074,-2277.68848451074
48.7210228332258,-2429.90917415997,-2429.90917415997
475.960540581586,-2571.55867124036,-2571.55867124036
901.129438302478,-2702.02082894456,-2702.02082894456
1322.37814570819,-2820.72834086587,-2820.72834086587
1737.87430532289,-2927.16522787702,-2927.16522787702
2145.81081508297,-3020.86909629674,-3020.86909629674
2544.41375602523,-3101.43315719466,-3101.43315719466
2931.9501690922,-3168.50799783267,-3168.50799783267
3306.73564586745,-3221.80309743536,-3221.80309743536
3667.14169901332,-3261.08808071126,-3261.08808071126
4011.60287929297,-3286.19370380186,-3286.19370380186
4338.62360738032,-3297.01256861754,-3297.01256861754
4646.78469006536,-3293.49956280701,-3293.49956280701
4934.74949210398,-3275.67202390784,-3275.67202390784
5201.26973662205,-3243.60962751903,-3243.60962751903
5445.1909088991,-3197.45400062273,-3197.45400062273
5665.4572402422,-3137.40806245482,-3137.40806245482
5861.1162507749,-3063.73509656637,-3063.73509656637
6031.32283205669,-2976.75755893984,-2976.75755893984
6175.34285268487,-2876.85562820116,-2876.85562820116
6292.55627228198,-2764.46550511146,-2764.46550511146
6382.45975159021,-2640.07746961203,-2640.07746961203
6444.66874873018,-2504.23370474041,-2504.23370474041
6478.9190940466,-2357.52589771829,-2357.52589771829
6485.06803832744,-2200.59262943869,-2200.59262943869
6463.0947715456,-2034.1165644427,-2034.1165644427
6413.10041161503,-1858.82145427199,-1858.82145427199
6335.30746496966,-1675.46896781472,-1675.46896781472
6230.05876305012,-1484.85536291912,-1484.85536291912
6097.81588101337,-1287.80801414082,-1287.80801414082
5939.15704715262,-1085.18181200507,-1085.18181200507
5754.77455362282,-877.85544961072,-877.85544961072
5545.47168110423,-666.727612776787,-666.727612776787
5312.1591519919,-452.713090232333,-452.713090232333
5055.85112857453,-236.738820583059,-236.738820583059
4777.66077444673,-19.7398929461743,-19.7398929461743
4478.79539909042,197.344481760873,197.344481760873
4160.55120715244,413.575011868093,413.575011868093
3824.30767543514,628.016361369198,628.016361369198
3471.52158200609,839.741164841901,839.741164841901
3103.72071310949,1047.83400417759,1047.83400417759
2722.4972747474,1251.39533064614,1251.39533064614
2329.50103684534,1449.54531611752,1449.54531611752
1926.43223889321,1641.42761759095,1641.42761759095
1515.03428678188,1826.21303958652,1826.21303958652
1097.08627129601,2003.10307939777,2003.10307939777
674.395339350387,2171.33334069959,2171.33334069959
248.788949553863,2330.17680155729,2330.17680155729
-177.892955894686,2478.9469234655,2478.9469234655
-603.805830705357,2617.00058868963,2617.00058868963
-1027.10842292974,2743.74085385591,2743.74085385591
-1445.97065980692,2858.61950845741,2858.61950845741
-1858.58148654604,2961.13942769984,2961.13942769984
-2263.15662673048,3050.85670990705,3050.85670990705
-2657.94623229859,3127.38258953569,3127.38258953569
-3041.24239143395,3190.38511771105,3190.38511771105
-3411.38646319812,3239.59060309262,3239.59060309262
-3766.77620833704,3274.78480680048,3274.78480680048
-4105.87268641188,3295.81388608649,3295.81388608649
-4427.20689023599,3302.58508241121,3302.58508241121
-4729.3860895287,3295.067150586,3295.067150586
-5011.09985674582,3273.29052666172,3273.29052666172
-5271.12574921988,3237.34723328154,3237.34723328154
-5508.33462296914,3187.39052227057,3187.39052227057
-5721.69555495479,3123.63425529572,3123.63425529572
-5910.28035198932,3046.35202450696,3046.35202450696
-6073.26762611037,2955.8760161451,2955.8760161451
-6209.94641788986,2852.59562118194,2852.59562118194
-6319.7193509196,2736.95579813462,2736.95579813462
-6402.1053025729,2609.45519426514,2609.45519426514
-6456.74157808482,2470.64403243271,2470.64403243271
-6483.38557701549,2321.12177190823,2321.12177190823
-6481.91594325705,2161.53455247935,2161.53455247935
-6452.33319190595,1992.57243216903,1992.57243216903
-6394.75980854226,1814.96642985175,1814.96642985175
-6309.43981872602,1629.48538497649,1629.48538497649
-6196.73782783119,1436.93264749214,1436.93264749214
-6057.13753367346,1238.14261190042,1238.14261190042
-5891.23971674932,1033.97711015159,1033.97711015159
-5699.75971526847,825.321678820264,825.321678820264
-5483.52439452196,613.081716659021,613.081716659021
-5243.4686224731,398.178549223111,398.178549223111
-4980.63126577995,181.545417785385,181.545417785385
-4696.150722721,-35.8765898047232,-35.8765898047232
-4391.26001172423,-253.142648290651,-253.142648290651
-4067.28143634259,-469.308325906511,-469.308325906511
-3725.6208495881,-683.433718509392,-683.433718509392
-3367.76154250997,-894.587568351035,-894.587568351035
-2995.25778376386,-1101.85134888624,-1101.85134888624
-2609.72803867163,-1304.32329709591,-1304.32329709591
-2212.84789786996,-1501.12237498941,-1501.12237498941
-1806.34274713344,-1691.392142215,-1691.392142215
-1391.98021126377,-1874.3045220813,-1874.3045220813
-971.562406095791,-2049.06344375077,-2049.06344375077
-546.918033660413,-2214.90834391572,-2214.90834391572
-119.894356345762,-2371.11751190944,-2371.11751190944
307.650913471327,-2517.01126292671,-2517.01126292671
733.857771411966,-2651.95492483239,-2651.95492483239
1156.87208954883,-2775.36162492107,-2775.36162492107
1574.8537581112,-2886.69486393961,-2886.69486393961
1985.98476337495,-2985.47086570633,-2985.47086570633
2388.4771649886,-3071.26069173443,-3071.26069173443
2780.58093651994,-3143.69211140182,-3143.69211140182
3160.5916337001,-3202.451219383,-3202.451219383
3526.85785573868,-3247.2837932766,-3247.2837932766
3877.78846614401,-3277.99638560873,-3277.99638560873
4211.85954068773,-3294.4571456612,-3294.4571456612
4527.6210115876,-3296.59636786579,-3296.59636786579
4823.70297845044,-3284.4067647962,-3284.4067647962
5098.82165825377,-3257.94346409084,-3257.94346409084
5351.78494839548,-3217.32372992773,-3217.32372992773
5581.49757877964,-3162.72641095162,-3162.72641095162
5786.96583091584,-3094.39111780905,-3094.39111780905
5967.30180411317,-3012.61713467703,-3012.61713467703
6121.72721103191,-2917.76207036729,-2917.76207036729
6249.57668710253,-2810.24025574453,-2810.24025574453
6350.30060061467,-2690.52089530841,-2690.52089530841
6423.46735260953,-2559.12598185207,-2559.12598185207
6468.76515806448,-2416.62798411684,-2416.62798411684
6486.00330222398,-2263.64731831313,-2263.64731831313
6475.11286829612,-2100.84961526488,-2100.84961526488
6436.14693508566,-1928.94279575816,-1928.94279575816
6369.28024546247,-1748.67396743091,-1748.67396743091
6274.80834885815,-1560.82615722859,-1560.82615722859
6153.14622323258,-1366.21489406561,-1366.21489406561
6004.8263841494,-1165.68465688114,-1165.68465688114
5830.49649073151,-960.105203746332,-960.105203746332
5630.91646033604,-750.367798087465,-750.367798087465
5406.95510577466,-537.381348414481,-537.381348414481
5159.58631081499,-322.068478206386,-322.068478206386
4889.88476151321,-105.361542788431,-105.361542788431
4599.02125266166,111.801389838993,111.801389838993
4288.25759025992,328.480577214368,328.480577214368
3958.94111245338,543.738642677905,543.738642677905
3612.49885280743,756.644600772443,756.644600772443
3250.43137111277,966.277851011105,966.277851011105
2874.30627813324,1171.73212344511,1171.73212344511
2485.75148180877,1372.1193597311,1372.1193597311
2086.44818344046,1566.57351370801,1566.57351370801
1678.12365325458,1754.25425587818,1754.25425587818
1262.5438155342,1934.35056660649,1934.35056660649
841.50567417098,2106.08420333122,2106.08420333122
416.829610034249,2268.71302761128,2268.71302761128
-9.64841798407567,2421.5341784005,2421.5341784005
-436.084736073174,2563.8870785646,2563.8870785646
-860.635850352847,2695.15626231559,2695.15626231559
-1281.46634095944,2814.7740119421,2814.7740119421
-1696.75672286127,2922.22279295682,2922.22279295682
-2104.71124100952,3017.0374775621,3017.0374775621
-2503.56556766307,3098.80734715305,3098.80734715305
-2891.59437005422,3167.17786542516,3167.17786542516
-3267.11871701881,3221.85221453831,3221.85221453831
-3628.5132937774,3262.59258770181,3262.59258770181
-3974.21339471232,3289.22123248419,3289.22123248419
-4302.72166479216,3301.62124012191,3301.62124012191
-4612.61456115951,3299.7370770892,3299.7370770892
-4902.54850744102,3283.57485620592,3283.57485620592
-5171.26571440022,3253.2023455906,3253.2023455906
-5417.59964183893,3208.74871481214,3208.74871481214
-5640.48007791293,3150.40401865724,3150.40401865724
-5838.93781352371,3078.41841999549,3078.41841999549
-6012.1088909339,2993.10115430602,2993.10115430602
-6159.23840741996,2894.81923950439,2894.81923950439
-6279.68385649191,2783.99593578826,2783.99593578826
-6372.91799103652,2661.10896129254,2661.10896129254
-6438.53119465132,2526.68847040599,2526.68847040599
-6476.23334942658,2381.31480265113,2381.31480265113
-6485.85519050168,2225.61601105639,2225.61601105639
-6467.34913985803,2060.26517995462,2060.26517995462
-6420.78961400838,1885.97754311767,1885.97754311767
-6346.37280249288,1703.50741407558,1703.50741407558
-6244.41591638764,1513.64494137317,1513.64494137317
-6115.3559083574,1317.21270236553,1317.21270236553
-5959.74766813846,1115.0621499662,1115.0621499662
-5778.26169969981,908.069927504448,908.069927504448
-5571.68128869709,697.134067539631,697.134067539631
-5340.89917118321,483.170091097379,483.170091097379
-5086.9137168755,267.107024350735,267.107024350735
-4810.82464256181,49.8833502351975,49.8833502351975
-4513.82827347651,-167.557087110156,-167.557087110156
-4197.21237265374,-384.269206872642,-384.269206872642
-3862.35056036322,-599.310826640262,-599.310826640262
-3510.69634775068,-811.74678945232,-811.74678945232
-3143.77681070617,-1020.65306421799,-1020.65306421799
-2763.18593178879,-1225.12080093452,-1225.12080093452
-2370.57763968492,-1424.26032228916,-1424.26032228916
-1967.65857722612,-1617.20503345294,-1617.20503345294
-1556.18063035337,-1803.11523221539,-1803.11523221539
-1137.93325164662,-1981.18180202677,-1981.18180202677
-714.735613090813,-2150.629771031,-2150.629771031
-288.428623618557,-2310.72172078119,-2310.72172078119
139.133152314284,-2460.76102901314,-2460.76102901314
566.089638368757,-2600.09493163291,-2600.09493163291
990.583415093439,-2728.11738992174,-2728.11738992174
1410.76787661628,-2844.2717498891,-2844.2717498891
1824.81533810463,-2948.05318169588,-2948.05318169588
2230.92505709982,-3039.01088812632,-3039.01088812632
2627.33113228057,-3116.75007219799,-3116.75007219799
3012.31024382961,-3180.93365515588,-3180.93365515588
3384.18920040968,-3231.28373730174,-3231.28373730174
3741.35225874043,-3267.58279534309,-3267.58279534309
4082.24818292393,-3289.67461120851,-3289.67461120851
4405.39701200552,-3297.46492855936,-3297.46492855936
4709.39650571425,-3290.92183452025,-3290.92183452025
4992.9282399745,-3270.07586544863,-3270.07586544863
5254.76332548648,-3235.01983685859,-3235.01983685859
5493.7677246022,-3185.90839889512,-3185.90839889512
5708.90714363426,-3122.95732002517,-3122.95732002517
5899.25147986771,-3046.44250284706,-3046.44250284706
6063.97880465307,-2956.69873713477,-2956.69873713477
6202.37886620448,-2854.11819640365,-2854.11819640365
6313.85609799364,-2739.14868541573,-2739.14868541573
6397.93212095286,-2612.29164712309,-2612.29164712309
6454.24773004283,-2474.09993858038,-2474.09993858038
6482.56435810791,-2325.17538632752,-2325.17538632752
6482.76501230557,-2166.16613265869,-2166.16613265869
6454.85468075642,-1997.76378504063,-1997.76378504063
6398.960209399,-1820.70038172791,-1820.70038172791
6315.32965134305,-1635.74518733733,-1635.74518733733
6204.33109328101,-1443.70133278491,-1443.70133278491
6066.45096573866,-1245.40231457011,-1245.40231457011
5902.29184610251,-1041.70836888525,-1041.70836888525
5712.56976545615,-833.502736463359,-833.502736463359
5498.11103227855,-621.687834434684,-621.687834434684
5259.84858799765,-407.18135174923,-407.18135174923
4998.81791124202,-190.912284933235,-190.912284933235
4716.15248940604,26.1830688973969,26.1830688973969
4413.0788778052,243.165144774461,243.165144774461
4090.91136827355,459.095151357838,459.095151357838
3751.04629052217,673.03910420798,673.03910420798
3394.95597094292,884.071834017042,884.071834017042
3024.18237480293,1091.28095314385,1091.28095314385
2640.33045892118,1293.7707640405,1293.7707640405
2245.06126296722,1490.66609345125,1490.66609345125
1840.08476844904,1681.11603662065,1681.11603662065
1427.15255527959,1864.29759615322,1864.29759615322
1008.05028652645,2039.41920062285,2039.41920062285
584.590052540164,2205.72408854204,2205.72408854204
158.602606152815,2362.49354385184,2362.49354385184
-268.070478994446,2509.04996969899,2509.04996969899
-693.584694660917,2644.75978790673,2644.75978790673
-1116.10049627879,2769.03615223835,2769.03615223835
-1533.79118076209,2881.34146427512,2881.34146427512
-1944.85071140641,2981.18968149987,2981.18968149987
-2347.5014576037,3068.14840797605,3068.14840797605
-2740.00181740805,3141.84075885429,3141.84075885429
-3120.65369137152,3201.94699080284,3201.94699080284
-3487.80977660767,3248.20589136492,3248.20589136492
-3839.88065065598,3280.4159211728,3280.4159211728
-4175.34161545701,3298.43610390641,3298.43610390641
-4492.7392726192,3302.18665986794,3302.18665986794
-4790.69780209016,3291.64938004529,3291.64938004529
-5067.92491743678,3266.86773856425,3266.86773856425
-5323.2174721176,3227.94674246803,3227.94674246803
-5555.466692394,3175.05251882136,3175.05251882136
-5763.66301395673,3108.41164019881,3108.41164019881
-5946.900500801,3028.31019069567,3028.31019069567
-6104.38082650524,2935.0925756755,2935.0925756755
-6235.41679975293,2829.16007954685,2829.16007954685
-6339.43541772071,2710.96917693988,2710.96917693988
-6415.98043284015,2581.02960371579,2581.02960371579
-6464.71442039372,2439.90219530041,2439.90219530041
-6485.42033644812,2288.19650086807,2288.19650086807
-6478.00255773698,2126.56818291667,2126.56818291667
-6442.48739727944,1955.71621276277,1955.71621276277
-6379.02309175204,1776.37987344038,1776.37987344038
-6287.8792589098,1589.33558240353,1589.33558240353
-6169.4458256677,1395.3935473058,1395.3935473058
-6024.23142979862,1195.39426895754,1195.39426895754
-5852.86130056276,990.204906329546,990.204906329546
-5656.07462595231,780.715519188592,780.715519188592
-5434.72141658937,567.835204591864,567.835204591864
-5189.75887866114,352.488144054489,352.488144054489
-4922.24731057822,135.609578702173,135.609578702173
-4633.3455403101,-81.858269845031,-81.858269845031
-4324.30592255277,-298.970314770157,-298.970314770157
-3996.46891701796,-514.782737187503,-514.782737187503
-3651.25727118176,-728.357118579019,-728.357118579019
-3290.16983278071,-938.764553934566,-938.764553934566
-2914.77501918452,-1145.08972700198,-1145.08972700198
-2526.70397249013,-1346.43492915874,-1346.43492915874
-2127.64343076949,-1541.9240036137,-1541.9240036137
-1719.32834733841,-1730.70619694324,-1730.70619694324
-1303.53429120071,-1911.95990035177,-1911.95990035177
-882.069662944129,-2084.89626352537,-2084.89626352537
-456.767761304945,-2248.76266452117,-2248.76266452117
-29.4787363999056,-2402.84601978651,-2402.84601978651
397.938533797156,-2546.47591914766,-2546.47591914766
823.624606758635,-2679.02757142836,-2679.02757142836
1245.72764130069,-2799.92454725401,-2799.92454725401
1662.41152887942,-2908.64130656611,-2908.64130656611
2071.86395326425,-3004.70549940072,-3004.70549940072
2472.30434194626,-3087.70002957726,-3087.70002957726
2861.99167318588,-3157.26487208106,-3157.26487208106
3239.23210336086,-3213.09863611234,-3213.09863611234
3602.38638019156,-3254.95986699508,-3254.95986699508
3949.87700852529,-3282.66808139314,-3282.66808139314
4280.19513660032,-3296.10453155414,-3296.10453155414
4591.90713217164,-3295.21269559532,-3295.21269559532
4883.66081939015,-3279.99849213792,-3279.99849213792
5154.19134907366,-3250.53021889659,-3250.53021889659
5402.3266768062,-3206.93821611659,-3206.93821611659
5626.99262524089,-3149.41425702674,-3149.41425702674
5827.21750903013,-3078.21066872594,-3078.21066872594
6002.13630291454,-2993.63918814506,-2993.63918814506
6150.99433570622,-2896.06955891402,-2896.06955891402
6273.15049515509,-2785.927876112,-2785.927876112
6368.07993099409,-2663.69468697817,-2663.69468697817
6435.37624579001,-2529.90285671485,-2529.90285671485
6474.75316559021,-2385.13520950784,-2385.13520950784
6486.04568471951,-2230.02195582683,-2230.02195582683
6469.21068144507,-2065.23791794292,-2065.23791794292
6424.32700357452,-1891.49956640916,-1891.49956640916
6351.5950253752,-1709.56188099364,-1709.56188099364
6251.33567948555,-1520.21505022281,-1520.21505022281
6123.9889697311,-1324.28102430089,-1324.28102430089
5970.11197293935,-1122.60993669589,-1122.60993669589
5790.37633996799,-916.076410142707,-916.076410142707
5585.56530821282,-705.575763202275,-705.575763202275
5356.57023983249,-492.020133828316,-492.020133828316
5104.38670181477,-276.334536635308,-276.334536635308
4830.11010581285,-59.4528707389223,-59.4528707389223
4534.93092738213,157.686104860731,157.686104860731
4220.12952586373,374.1428113404,374.1428113404
3887.07058766474,588.980888580931,588.980888580931
3537.19721709661,801.271215270984,801.271215270984
3172.02470022799,1010.09589385797,1010.09589385797
2793.13396841104,1214.55218382706,1214.55218382706
2402.16478921378,1413.75636707107,1413.75636707107
2000.80871347991,1606.84752943745,1606.84752943745
1590.80180808862,1792.99124293146,1792.99124293146
1173.91720475396,1971.38313348632,1971.38313348632
751.957495840398,2141.25231970233,2141.25231970233
326.747008697556,2301.86470849595,2301.86470849595
-99.8760095490839,2452.52613417706,2452.52613417706
-526.06726452101,2592.58532810685,2592.58532810685
-949.984311986199,2721.43670675578,2721.43670675578
-1369.7944476185,2838.52296669415,2838.52296669415
-1783.68255662384,2943.33747579819,2943.33747579819
-2189.85889087859,3035.4264507428,3035.4264507428
-2586.56674148213,3114.39091167732,3114.39091167732
-2972.08997497173,3179.88840583445,3179.88840583445
-3344.76040193775,3231.63449271604,3231.63449271604
-3702.96494735606,3269.40398441628,3269.40398441628
-4045.15259263833,3293.03193558854,3293.03193558854
-4369.84106023434,3302.4143785379,3302.4143785379
-4675.62321250115,3297.5087999137,3297.5087999137
-4961.17313762914,3278.33435649572,3278.33435649572
-5225.25189649119,3244.97182860121,3244.97182860121
-5466.71290559412,3197.56331068962,3197.56331068962
-5684.50693259299,3136.31163980741,3136.31163980741
-5877.68668234458,3061.47956358228,3061.47956358228
-6045.41095298694,2973.38865055868,2973.38865055868
-6186.94834321576,2872.41794674097,2872.41794674097
-6301.68049366385,2759.00238329154,2759.00238329154
-6389.10484714066,2633.63094139762,2633.63094139762
-6448.83691440917,2496.8445813847,2496.8445813847
-6480.61203419174,2349.23394419533,2349.23394419533
-6484.286618176,2191.43683437794,2191.43683437794
-6459.83887394305,2024.13549472866,2024.13549472866
-6407.3690009497,1848.05368369676,1848.05368369676
-6327.09885695704,1663.95356759837,1663.95356759837
-6219.37109459982,1472.63244057189,1472.63244057189
-6084.64777012567,1274.91928605675,1274.91928605675
-5923.50842868789,1071.67119436762,1071.67119436762
-5736.6476729409,863.76965167349,863.76965167349
-5524.87222405093,652.116716365427,652.116716365427
-5289.09748658333,437.631099402985,437.631099402985
-5030.34363104974,221.244165764482,221.244165764482
-4749.7312101805,3.89587458513897,3.89587458513897
-4448.47632721821,-213.469324053133,-213.469324053133
-4127.88537668883,-429.90661742389,-429.90661742389
-3789.34938019215,-644.474965084318,-644.474965084318
-3434.33794174263,-856.241221846652,-856.241221846652
-3064.39284907794,-1064.28423018362,-1064.28423018362
-2681.12134911963,-1267.69886352624,-1267.69886352624
-2286.18912740741,-1465.60000207442,-1465.60000207442
-1881.31302282914,-1657.12642299558,-1657.12642299558
-1468.25351030868,-1841.44458723988,-1841.44458723988
-1048.80698530998,-2017.75230563902,-2017.75230563902
-624.79788502003,-2185.28226749647,-2185.28226749647
-198.070681928743,-2343.30541549344,-2343.30541549344
229.518213831165,-2491.1341514501,-2491.1341514501
656.108606534283,-2628.12535826583,-2628.12535826583
1079.84468418343,-2753.68322423528,-2753.68322423528
1498.88316788195,-2867.26185687301,-2867.26185687301
1911.40140414946,-2968.36767438916,-2968.36767438916
2315.60536336132,-3056.56156402348,-3056.56156402348
2709.73750798083,-3131.46079756789,-3131.46079756789
3092.08449492641,-3192.74069557679,-3192.74069557679
3460.98467726547,-3240.13603297244,-3240.13603297244
3814.83537146202,-3273.44217999582,-3273.44217999582
4152.09985759518,-3292.51597371949,-3292.51597371949
4471.31408132878,-3297.27631662464,-3297.27631662464
4771.09302791429,-3287.70450003952,-3287.70450003952
5050.1367401722,-3263.84425153355,-3263.84425153355
5307.23595413954,-3225.80150665464,-3225.80150665464
5541.27732801665,-3173.74390667543,-3173.74390667543
5751.24824198351,-3107.90002527924,-3107.90002527924
5936.24114860222,-3028.55832834623,-3028.55832834623
6095.45745565089,-2936.06587220707,-2936.06587220707
6228.21092548685,-2830.82674689437,-2830.82674689437
6333.93057732144,-2713.30027204083,-2713.30027204083
6412.16308110806,-2583.99895414825,-2583.99895414825
6462.57463410336,-2443.48621496528,-2443.48621496528
6484.95231352101,-2292.37390167624,-2292.37390167624
6479.20490106657,-2131.31959049957,-2131.31959049957
6445.36317749514,-1961.02369613219,-1961.02369613219
6383.57968766771,-1782.22640024241,-1782.22640024241
6294.12797888223,-1595.70441291599,-1595.70441291599
6177.40131751402,-1402.26758158889,-1402.26758158889
6033.91089120665,-1202.7553625587,-1202.7553625587
5864.28350600026,-998.033170653471,-998.033170653471
5669.25878986263,-788.988623050998,-788.988623050998
5449.68591609361,-576.527693586564,-576.527693586564
5206.51986199385,-361.570794155663,-361.570794155663
